model_rank,independent_rank,adp,market_gap,independent_market_gap,round,player,position,position_rank,adp_position_rank,adp_position_label,decision_position_label,team,bye,injury,tier,signal,projected_points,projected_ppg_17,independent_points,independent_ppg,independent_expected_points,sleeper_projected_points,sleeper_ppg_17,projection_gap,projected_games,confidence,model_source,reason,team_pass_rank,team_rush_rank,team_pass_rate,own_pass_attempts,sleeper_pass_attempts,own_targets,sleeper_targets,own_carries,sleeper_carries,vbd,independent_vbd,games_2025,points_2025,ppg_2025,rank_2025,player_id,rush_attempts,rush_yards,rush_touchdowns,receptions,targets,receiving_yards,receiving_touchdowns,completions,pass_attempts,pass_yards,pass_touchdowns
3,5,1.1,-1.9,-3.9,1,Jahmyr Gibbs,RB,2,1,RB 1,RB 2,DET,6,,Elite,Fair,318.7,18.7,312.1,18.36,290.8,331.0,19.47,-18.9,15.8,High,veteran,"Veteran model: 2025 form, prior-year trend and same team pass/run forecast; team pass volume #10, rush volume #7",10,7,0.562,,,86.4,,267.3,255.0,131.1,121.8,17,366.9,21.6,3,9221,255.0,1251.0,12.0,63.0,,533.0,3.0,,,,
1,3,2.6,1.6,-0.4,1,Bijan Robinson,RB,1,2,RB 2,RB 1,ATL,11,,Elite,Fair,331.7,19.5,335.4,19.73,316.5,325.0,19.12,10.4,16.0,High,veteran,"Veteran model: 2025 form, prior-year trend and same team pass/run forecast; team pass volume #17, rush volume #5",17,5,0.545,,,94.7,,302.2,280.0,145.0,145.2,17,370.8,21.8,2,9509,280.0,1372.0,9.0,64.0,,537.0,3.0,,,,
5,4,3.8,-1.2,-0.2,1,Ja'Marr Chase,WR,2,1,WR 1,WR 2,CIN,6,,Elite,Fair,321.7,18.9,327.5,19.26,292.8,311.0,18.29,16.5,15.2,High,veteran,"Veteran model: 2025 form, prior-year trend and same team pass/run forecast; team pass volume #1, rush volume #31",1,31,0.625,,,179.9,,3.9,3.0,125.1,131.8,16,313.6,19.6,4,7564,3.0,16.0,,109.0,,1345.0,11.0,,,,
2,1,4.4,2.4,3.4,1,Puka Nacua,WR,1,2,WR 2,WR 1,LAR,11,Ques,Elite,Fair,331.3,19.5,341.2,20.07,326.1,313.0,18.41,28.2,16.2,High,veteran,"Veteran model: 2025 form, prior-year trend and same team pass/run forecast; team pass volume #7, rush volume #14",7,14,0.568,,,177.5,,10.7,10.0,142.5,153.5,16,375.0,23.4,1,9493,10.0,55.0,,107.0,,1400.0,10.0,,,,
6,6,5.5,-0.5,-0.5,1,Christian McCaffrey,RB,3,3,RB 3,RB 3,SF,8,Ques,Elite,Fair,313.7,18.5,326.0,19.17,264.3,291.0,17.12,35.0,13.8,High,veteran,"Veteran model: 2025 form, prior-year trend and same team pass/run forecast; team pass volume #16, rush volume #9",16,9,0.551,,,102.3,,261.7,240.0,110.5,117.6,17,416.6,24.5,1,4034,240.0,984.0,7.0,70.0,,606.0,4.0,,,,
4,2,6.1,2.1,4.1,1,Jaxon Smith-Njigba,WR,3,3,WR 3,WR 3,SEA,11,,Elite,Fair,317.8,18.7,335.5,19.73,320.7,285.0,16.76,50.5,16.2,High,veteran,"Veteran model: 2025 form, prior-year trend and same team pass/run forecast; team pass volume #23, rush volume #21",23,21,0.557,,,180.0,,5.0,6.0,129.6,148.1,17,359.9,21.2,2,9488,6.0,33.0,,99.0,,1343.0,8.0,,,,
9,10,6.1,-2.9,-3.9,1,Jonathan Taylor,RB,4,4,RB 4,RB 4,IND,13,,Elite,Fair,277.4,16.3,280.3,16.49,239.2,272.0,16.0,8.3,14.5,High,veteran,"Veteran model: 2025 form, prior-year trend and same team pass/run forecast; team pass volume #21, rush volume #13",21,13,0.554,,,54.8,,316.5,287.0,85.1,84.6,17,362.3,21.3,4,6813,287.0,1385.0,11.0,36.0,,278.0,1.0,,,,
7,7,8.4,1.4,1.4,1,Amon-Ra St. Brown,WR,4,4,WR 4,WR 4,DET,6,,Elite,Fair,291.1,17.1,296.5,17.44,279.1,281.0,16.53,15.5,16.0,High,veteran,"Veteran model: 2025 form, prior-year trend and same team pass/run forecast; team pass volume #10, rush volume #7",10,7,0.562,,,159.8,,3.1,3.0,102.9,109.6,17,324.0,19.1,3,7547,3.0,16.0,,106.0,,1249.0,8.0,,,,
18,20,9.5,-8.5,-10.5,1,CeeDee Lamb,WR,7,5,WR 5,WR 7,DAL,14,,Elite,Slight reach,255.6,15.0,247.2,14.54,182.4,271.0,15.94,-23.8,12.5,High,veteran,"Veteran model: 2025 form, prior-year trend and same team pass/run forecast; team pass volume #2, rush volume #20",2,20,0.586,,,135.3,,4.4,3.0,54.3,49.3,14,200.9,14.3,22,6786,3.0,16.0,,96.0,,1249.0,8.0,,,,
12,15,10.5,-1.5,-4.5,1,James Cook,RB,7,5,RB 5,RB 7,BUF,7,,Strong starter,Fair,250.4,14.7,244.7,14.39,214.1,261.0,15.35,-16.3,14.9,High,veteran,"Veteran model: 2025 form, prior-year trend and same team pass/run forecast; team pass volume #28, rush volume #3",28,3,0.52,,,47.8,,271.6,264.0,63.8,55.7,17,302.2,17.8,6,8138,264.0,1270.0,11.0,31.0,,268.0,2.0,,,,
23,22,11.2,-11.8,-10.8,1,Justin Jefferson,WR,9,6,WR 6,WR 9,MIN,6,,Strong starter,Slight reach,242.3,14.3,238.1,14.01,183.8,250.0,14.71,-11.9,13.1,High,veteran,"Veteran model: 2025 form, prior-year trend and same team pass/run forecast; team pass volume #26, rush volume #27",26,27,0.575,,,134.1,,2.3,1.0,46.6,44.7,17,201.5,11.9,21,6794,1.0,6.0,,90.0,,1178.0,7.0,,,,
8,9,12.0,4.0,3.0,1,De'Von Achane,RB,5,6,RB 6,RB 5,MIA,6,,Elite,Fair,273.1,16.1,281.8,16.57,259.8,257.0,15.12,24.8,15.7,High,veteran,"Veteran model: 2025 form, prior-year trend and same team pass/run forecast; team pass volume #25, rush volume #24",25,24,0.561,,,81.8,,245.7,239.0,88.2,93.0,16,322.8,20.2,5,9226,239.0,1168.0,6.0,55.0,,416.0,2.0,,,,
17,19,13.7,-3.3,-5.3,2,Saquon Barkley,RB,8,7,RB 7,RB 8,PHI,10,,Strong starter,Fair,248.8,14.6,249.8,14.69,191.7,247.0,14.53,2.8,13.0,High,veteran,"Veteran model: 2025 form, prior-year trend and same team pass/run forecast; team pass volume #31, rush volume #2",31,2,0.515,,,53.1,,279.7,271.0,54.4,52.5,16,232.3,14.5,14,4866,271.0,1220.0,8.0,37.0,,277.0,2.0,,,,
15,17,13.8,-1.2,-3.2,2,Ashton Jeanty,RB,6,8,RB 8,RB 6,LV,13,,Strong starter,Fair,253.9,14.9,247.8,14.58,199.8,260.0,15.29,-12.2,13.7,Medium,veteran,"Veteran model: 2025 form, prior-year trend and same team pass/run forecast; team pass volume #15, rush volume #32",15,32,0.606,,,69.2,,243.1,281.0,61.5,53.8,17,245.1,14.4,11,12527,281.0,1152.0,8.0,50.0,,383.0,2.0,,,,
27,36,15.5,-11.5,-20.5,2,Omarion Hampton,RB,10,9,RB 9,RB 10,LAC,7,,Strong starter,Slight reach,234.3,13.8,225.5,13.27,157.8,243.0,14.29,-17.5,11.9,Medium,veteran,"Veteran model: 2025 form, prior-year trend and same team pass/run forecast; team pass volume #14, rush volume #16",14,16,0.569,,,59.0,,220.8,232.0,39.7,31.1,9,135.7,15.1,35,12507,232.0,1025.0,8.0,48.0,,364.0,2.0,,,,
14,13,16.1,2.1,3.1,2,Drake London,WR,5,7,WR 7,WR 5,ATL,11,,Elite,Fair,260.4,15.3,266.0,15.65,210.7,250.0,14.71,16.0,13.5,High,veteran,"Veteran model: 2025 form, prior-year trend and same team pass/run forecast; team pass volume #17, rush volume #5",17,5,0.545,,,148.3,,1.2,1.0,62.4,68.2,12,201.9,16.8,19,8112,1.0,6.0,,90.0,,1156.0,7.0,,,,
20,24,17.5,-2.5,-6.5,2,Chase Brown,RB,9,10,RB 10,RB 9,CIN,6,,Strong starter,Fair,239.5,14.1,231.2,13.6,190.4,255.0,15.0,-23.8,14.0,High,veteran,"Veteran model: 2025 form, prior-year trend and same team pass/run forecast; team pass volume #1, rush volume #31",1,31,0.625,,,67.2,,199.8,220.0,51.0,41.3,17,282.6,16.6,7,9224,220.0,945.0,8.0,57.0,,417.0,3.0,,,,
25,27,18.3,-6.7,-8.7,2,A.J. Brown,WR,12,8,WR 8,WR 12,NE,11,,Strong starter,Fair,232.7,13.7,225.0,13.24,185.6,247.0,14.53,-22.0,14.0,High,veteran,"Veteran model: 2025 form, prior-year trend and new team pass/run forecast; team pass volume #27, rush volume #12",27,12,0.551,,,126.4,,0.5,1.0,41.9,37.0,15,220.3,14.7,11,5859,1.0,6.0,,79.0,,1176.0,8.0,,,,
45,66,19.9,-25.1,-46.1,2,Kenneth Walker,RB,19,11,RB 11,RB 19,KC,5,,Starter,Pricey,209.9,12.3,191.6,11.27,153.8,244.0,14.35,-52.4,13.6,High,veteran,"Veteran model: 2025 form, prior-year trend and new team pass/run forecast; team pass volume #5, rush volume #25",5,25,0.589,,,45.3,,208.5,259.0,25.8,8.4,17,191.9,11.3,22,8151,259.0,1158.0,9.0,37.0,,272.0,2.0,,,,
10,11,20.1,10.1,9.1,2,Trey McBride,TE,1,1,TE 1,TE 1,ARI,14,,Elite,Value,237.3,14.0,238.6,14.04,228.1,235.0,13.82,3.6,16.2,High,veteran,"Veteran model: 2025 form, prior-year trend and same team pass/run forecast; team pass volume #3, rush volume #29",3,29,0.602,,,141.5,,0.0,,80.1,75.9,17,315.9,18.6,1,8130,,,,96.0,,969.0,7.0,,,,
30,45,20.3,-9.7,-24.7,2,Derrick Henry,RB,13,12,RB 12,RB 13,BAL,13,,Starter,Slight reach,223.3,13.1,210.5,12.38,157.9,247.0,14.53,-36.5,12.8,High,veteran,"Veteran model: 2025 form, prior-year trend and same team pass/run forecast; team pass volume #32, rush volume #1",32,1,0.497,,,26.6,,268.1,281.0,34.4,22.1,17,279.5,16.4,8,3198,281.0,1406.0,12.0,17.0,,133.0,1.0,,,,
11,16,22.1,11.1,6.1,2,Brock Bowers,TE,2,2,TE 2,TE 2,LV,13,,Elite,Value,229.6,13.5,216.4,12.73,205.7,254.0,14.94,-37.6,16.2,High,veteran,"Veteran model: 2025 form, prior-year trend and same team pass/run forecast; team pass volume #15, rush volume #32",15,32,0.606,,,121.9,,1.4,4.0,72.8,54.8,12,176.2,14.7,11,11604,4.0,18.0,,102.0,,1077.0,7.0,,,,
13,12,23.3,10.3,11.3,2,George Pickens,WR,6,9,WR 9,WR 6,DAL,14,,Elite,Value,255.9,15.1,261.3,15.37,224.8,246.0,14.47,15.3,14.6,High,veteran,"Veteran model: 2025 form, prior-year trend and same team pass/run forecast; team pass volume #2, rush volume #20",2,20,0.586,,,142.3,,1.7,1.0,63.6,69.7,17,291.9,17.2,5,8137,1.0,6.0,,80.0,,1211.0,7.0,,,,
24,26,24.5,0.5,-1.5,3,Josh Allen,QB,1,1,QB 1,QB 1,BUF,7,,Elite,Fair,338.0,19.9,325.1,19.13,280.6,362.0,21.29,-36.9,14.7,High,veteran,"Veteran model: 2025 form, prior-year trend and same team pass/run forecast; team pass volume #28, rush volume #3",28,3,0.52,489.1,474.0,,,108.9,110.0,44.8,37.1,17,374.5,22.0,1,4984,110.0,535.0,11.0,,,,,313.0,474.0,3650.0,27.0
22,25,25.7,3.7,0.7,3,Nico Collins,WR,10,10,WR 10,WR 10,HOU,8,,Strong starter,Fair,240.6,14.2,229.1,13.47,185.5,262.0,15.41,-32.9,13.8,High,veteran,"Veteran model: 2025 form, prior-year trend and same team pass/run forecast; team pass volume #9, rush volume #17",9,17,0.573,,,121.9,,2.3,3.0,47.7,39.8,15,226.2,15.1,8,7569,3.0,18.0,,84.0,,1262.0,8.0,,,,
19,8,26.8,7.8,18.8,3,Jeremiyah Love,RB,11,13,RB 13,RB 11,ARI,14,Ques,Strong starter,Value,230.2,13.5,284.8,16.75,284.8,212.0,12.47,72.8,17.0,Low,rookie,"Rookie model: pick 3, age and destination-team environment; team pass volume #3, rush volume #29",3,29,0.602,,,0.0,,0.0,205.0,52.6,103.7,,,,,13287,205.0,897.0,5.0,47.0,,351.0,2.0,,,,
34,34,27.0,-7.0,-7.0,3,Rashee Rice,WR,13,11,WR 11,WR 13,KC,5,,Strong starter,Slight reach,229.5,13.5,229.9,13.53,156.3,229.0,13.47,0.9,11.6,Medium,veteran,"Veteran model: 2025 form, prior-year trend and same team pass/run forecast; team pass volume #5, rush volume #25",5,25,0.589,,,127.5,,8.0,6.0,32.5,34.0,8,150.1,18.8,40,10229,6.0,29.0,,88.0,,964.0,7.0,,,,
40,40,27.8,-12.2,-12.2,3,Malik Nabers,WR,15,12,WR 12,WR 15,NYG,8,Ques,Strong starter,Slight reach,225.8,13.3,222.0,13.06,136.4,227.0,13.35,-5.0,10.4,Low,veteran,"Veteran model: 2025 form, prior-year trend and same team pass/run forecast; team pass volume #19, rush volume #10",19,10,0.558,,,125.1,,2.0,3.0,26.9,25.6,4,57.1,14.3,102,11632,3.0,16.0,,82.0,,1057.0,6.0,,,,
32,30,29.2,-2.8,-0.8,3,Kyren Williams,RB,15,14,RB 14,RB 15,LAR,11,,Starter,Fair,218.5,12.9,224.2,13.19,180.9,208.0,12.24,16.2,13.7,High,veteran,"Veteran model: 2025 form, prior-year trend and same team pass/run forecast; team pass volume #7, rush volume #14",7,14,0.568,,,47.0,,240.2,228.0,33.0,34.7,17,263.3,15.5,9,8150,228.0,981.0,8.0,32.0,,219.0,2.0,,,,
16,14,30.3,14.3,16.3,3,Chris Olave,WR,8,13,WR 13,WR 8,NO,8,,Strong starter,Value,249.5,14.7,256.8,15.1,217.0,236.0,13.88,20.8,14.4,High,veteran,"Veteran model: 2025 form, prior-year trend and same team pass/run forecast; team pass volume #8, rush volume #22",8,22,0.58,,,146.4,,2.8,1.0,57.3,65.0,16,269.0,16.8,6,8144,1.0,6.0,,82.0,,1093.0,7.0,,,,
36,32,31.4,-4.6,-0.6,3,Josh Jacobs,RB,14,15,RB 15,RB 14,GB,11,Ques,Starter,Fair,219.5,12.9,228.4,13.43,166.3,203.0,11.94,25.4,12.4,High,veteran,"Veteran model: 2025 form, prior-year trend and same team pass/run forecast; team pass volume #30, rush volume #4",30,4,0.525,,,49.4,,249.6,217.0,30.6,34.5,15,237.1,15.8,13,5850,217.0,918.0,8.0,33.0,,258.0,1.0,,,,
26,23,32.5,6.5,9.5,3,Breece Hall,RB,12,16,RB 16,RB 12,NYJ,13,Ques,Strong starter,Fair,225.0,13.2,232.5,13.68,195.4,211.0,12.41,21.5,14.3,High,veteran,"Veteran model: 2025 form, prior-year trend and same team pass/run forecast; team pass volume #20, rush volume #28",20,28,0.583,,,57.8,,208.9,220.0,39.9,43.2,16,207.7,13.0,19,8155,220.0,986.0,6.0,37.0,,314.0,2.0,,,,
66,83,33.5,-32.5,-49.5,3,Lamar Jackson,QB,6,2,QB 2,QB 6,BAL,13,,Strong starter,Pricey,298.4,17.6,283.5,16.68,201.0,326.0,19.18,-42.5,12.1,High,veteran,"Veteran model: 2025 form, prior-year trend and same team pass/run forecast; team pass volume #32, rush volume #1",32,1,0.497,460.4,415.0,,,86.5,119.0,8.7,0.9,13,221.8,17.1,20,4881,119.0,668.0,5.0,,,,,270.0,415.0,3380.0,27.0
42,41,34.2,-7.8,-6.8,3,Tee Higgins,WR,16,14,WR 14,WR 16,CIN,6,,Strong starter,Slight reach,219.0,12.9,216.3,12.72,152.7,224.0,13.18,-7.7,12.0,High,veteran,"Veteran model: 2025 form, prior-year trend and same team pass/run forecast; team pass volume #1, rush volume #31",1,31,0.625,,,120.7,,1.1,1.0,26.3,25.6,15,211.6,14.1,15,6801,1.0,6.0,,75.0,,1048.0,7.0,,,,
38,42,34.8,-3.2,-7.2,3,Tetairoa McMillan,WR,18,15,WR 15,WR 18,CAR,5,,Strong starter,Fair,216.8,12.8,210.6,12.39,175.5,223.0,13.12,-12.4,14.2,Medium,veteran,"Veteran model: 2025 form, prior-year trend and same team pass/run forecast; team pass volume #22, rush volume #23",22,23,0.564,,,125.0,,1.6,1.0,29.2,25.5,17,211.4,12.4,16,12526,1.0,6.0,,77.0,,1074.0,6.0,,,,
33,31,36.2,3.2,5.2,4,Javonte Williams,RB,16,17,RB 17,RB 16,DAL,14,,Starter,Fair,218.3,12.8,224.4,13.2,179.8,207.0,12.18,17.4,13.6,High,veteran,"Veteran model: 2025 form, prior-year trend and same team pass/run forecast; team pass volume #2, rush volume #20",2,20,0.586,,,53.8,,233.1,239.0,32.6,34.6,16,242.8,15.2,12,7588,239.0,1004.0,7.0,37.0,,239.0,1.0,,,,
31,33,37.5,6.5,4.5,4,DeVonta Smith,WR,14,16,WR 16,WR 14,PHI,10,Ques,Strong starter,Fair,226.3,13.3,224.8,13.23,173.7,229.0,13.47,-4.2,13.1,High,veteran,"Veteran model: 2025 form, prior-year trend and same team pass/run forecast; team pass volume #31, rush volume #2",31,2,0.515,,,122.7,,1.3,1.0,34.3,34.4,17,201.8,11.9,20,7525,1.0,6.0,,80.0,,1066.0,7.0,,,,
43,44,38.6,-4.4,-5.4,4,Ladd McConkey,WR,19,17,WR 17,WR 19,LAC,7,,Starter,Fair,215.9,12.7,209.4,12.32,159.1,228.0,13.41,-18.6,12.9,High,veteran,"Veteran model: 2025 form, prior-year trend and same team pass/run forecast; team pass volume #14, rush volume #16",14,16,0.569,,,115.4,,1.5,2.0,25.9,22.2,16,180.9,11.3,30,11635,2.0,12.0,,81.0,,1040.0,7.0,,,,
52,54,39.3,-12.7,-14.7,4,Bucky Irving,RB,21,18,RB 18,RB 21,TB,10,,Starter,Slight reach,200.7,11.8,204.4,12.03,141.3,197.0,11.59,7.4,11.7,Medium,veteran,"Veteran model: 2025 form, prior-year trend and same team pass/run forecast; team pass volume #12, rush volume #11",12,11,0.562,,,54.0,,199.5,211.0,15.9,16.0,10,138.5,13.8,34,11584,211.0,902.0,6.0,36.0,,271.0,2.0,,,,
46,55,40.5,-5.5,-14.5,4,Emeka Egbuka,WR,21,18,WR 18,WR 21,TB,10,Ques,Starter,Fair,211.4,12.4,198.9,11.7,166.6,224.0,13.18,-25.1,14.2,Medium,veteran,"Veteran model: 2025 form, prior-year trend and same team pass/run forecast; team pass volume #12, rush volume #11",12,11,0.562,,,115.2,,2.9,3.0,24.7,15.7,17,195.7,11.5,23,12514,3.0,21.0,,77.0,,1029.0,7.0,,,,
21,18,41.1,20.1,23.1,4,Zay Flowers,WR,11,19,WR 19,WR 11,BAL,13,,Strong starter,Target,234.4,13.8,237.8,13.99,218.4,228.0,13.41,9.8,15.6,High,veteran,"Veteran model: 2025 form, prior-year trend and same team pass/run forecast; team pass volume #32, rush volume #1",32,1,0.497,,,125.7,,7.5,5.0,48.3,52.9,17,243.3,14.3,7,9997,5.0,29.0,,81.0,,1103.0,6.0,,,,
29,69,41.3,12.3,-27.7,4,Colston Loveland,TE,4,3,TE 3,TE 4,CHI,10,,Strong starter,Value,191.1,11.2,167.1,9.83,154.2,215.0,12.65,-47.9,15.7,Medium,veteran,"Veteran model: 2025 form, prior-year trend and same team pass/run forecast; team pass volume #13, rush volume #6",13,6,0.555,,,92.8,,0.6,1.0,35.0,7.6,16,165.1,10.3,12,12517,1.0,4.0,,84.0,,950.0,6.0,,,,
53,62,43.7,-9.3,-18.3,4,Cam Skattebo,RB,20,19,RB 19,RB 20,NYG,8,,Starter,Slight reach,200.9,11.8,200.8,11.81,128.2,201.0,11.82,-0.2,10.9,Medium,veteran,"Veteran model: 2025 form, prior-year trend and same team pass/run forecast; team pass volume #19, rush volume #10",19,10,0.558,,,55.0,,183.2,214.0,14.9,12.6,8,127.7,16.0,37,12481,214.0,891.0,6.0,42.0,,301.0,1.0,,,,
41,43,44.7,3.7,1.7,4,Travis Etienne,RB,18,20,RB 20,RB 18,NO,8,,Starter,Fair,210.1,12.4,211.2,12.42,171.0,208.0,12.24,3.2,13.8,High,veteran,"Veteran model: 2025 form, prior-year trend and new team pass/run forecast; team pass volume #8, rush volume #22",8,22,0.58,,,54.8,,219.5,226.0,26.4,24.4,17,253.9,14.9,10,7543,226.0,950.0,6.0,36.0,,287.0,2.0,,,,
49,59,45.8,-3.2,-13.2,4,Garrett Wilson,WR,20,20,WR 20,WR 20,NYJ,13,,Starter,Fair,214.3,12.6,203.5,11.97,124.3,225.0,13.24,-21.5,10.4,Medium,veteran,"Veteran model: 2025 form, prior-year trend and same team pass/run forecast; team pass volume #20, rush volume #28",20,28,0.583,,,120.1,,1.3,3.0,19.9,14.3,7,99.5,14.2,62,8146,3.0,16.0,,83.0,,1043.0,6.0,,,,
44,82,46.0,2.0,-36.0,4,Tyler Warren,TE,5,4,TE 4,TE 5,IND,13,Ques,Strong starter,Fair,180.4,10.6,159.9,9.4,152.8,201.0,11.82,-41.1,16.2,Medium,veteran,"Veteran model: 2025 form, prior-year trend and same team pass/run forecast; team pass volume #21, rush volume #13",21,13,0.554,,,93.6,,5.0,5.0,25.9,1.0,17,188.5,11.1,4,12518,5.0,19.0,,83.0,,862.0,5.0,,,,
55,73,47.7,-7.3,-25.3,4,Jaylen Waddle,WR,24,21,WR 21,WR 24,DEN,10,,Starter,Slight reach,198.2,11.7,186.0,10.94,163.0,221.0,13.0,-35.0,14.9,High,veteran,"Veteran model: 2025 form, prior-year trend and new team pass/run forecast; team pass volume #6, rush volume #19",6,19,0.57,,,106.9,,2.9,3.0,14.4,5.2,16,194.1,12.1,24,7526,3.0,18.0,,77.0,,1002.0,7.0,,,,
35,29,48.1,13.1,19.1,5,Drake Maye,QB,2,3,QB 3,QB 2,NE,11,,Elite,Value,322.7,19.0,323.5,19.03,283.1,321.0,18.88,2.5,14.9,High,veteran,"Veteran model: 2025 form, prior-year trend and same team pass/run forecast; team pass volume #27, rush volume #12",27,12,0.551,546.5,505.0,,,90.2,85.0,32.0,36.2,17,359.9,21.2,2,11564,85.0,416.0,4.0,,,,,344.0,505.0,3854.0,29.0
54,47,48.2,-5.8,1.2,5,Davante Adams,WR,22,22,WR 22,WR 22,LAR,11,,Starter,Fair,204.0,12.0,209.8,12.34,137.3,193.0,11.35,16.8,11.1,High,veteran,"Veteran model: 2025 form, prior-year trend and same team pass/run forecast; team pass volume #7, rush volume #14",7,14,0.568,,,121.3,,0.0,,14.5,19.4,14,222.9,15.9,9,2133,,,,63.0,,795.0,8.0,,,,
89,147,50.1,-38.9,-96.9,5,Luther Burden,WR,38,23,WR 23,WR 38,CHI,10,Ques,Depth,Depth,179.6,10.6,150.3,8.84,116.1,209.0,12.29,-58.7,13.1,Medium,veteran,"Veteran model: 2025 form, prior-year trend and same team pass/run forecast; team pass volume #13, rush volume #6",13,6,0.555,,,84.8,,4.8,10.0,-1.7,-23.0,15,127.9,8.5,48,12519,10.0,61.0,,72.0,,889.0,7.0,,,,
114,171,51.4,-62.6,-119.6,5,David Montgomery,RB,31,21,RB 21,RB 31,HOU,8,,Depth,Depth,162.6,9.6,139.3,8.19,110.0,206.0,12.12,-66.7,13.4,High,veteran,"Veteran model: 2025 form, prior-year trend and new team pass/run forecast; team pass volume #9, rush volume #17",9,17,0.573,,,30.2,,131.6,236.0,-11.8,-32.9,17,166.9,9.8,27,5892,236.0,986.0,8.0,32.0,,235.0,1.0,,,,
69,49,52.2,-16.8,3.2,5,TreVeyon Henderson,RB,23,22,RB 22,RB 23,NE,11,,Starter,Pricey,187.5,11.0,204.0,12.0,163.3,171.0,10.06,33.0,13.6,Medium,veteran,"Veteran model: 2025 form, prior-year trend and same team pass/run forecast; team pass volume #27, rush volume #12",27,12,0.551,,,50.5,,203.7,170.0,7.9,18.3,17,206.2,12.1,21,12529,170.0,760.0,5.0,35.0,,260.0,1.0,,,,
51,50,53.2,2.2,3.2,5,Quinshon Judkins,RB,22,23,RB 23,RB 22,CLE,11,Ques,Starter,Fair,200.0,11.8,204.0,12.0,154.2,196.0,11.53,8.0,12.9,Medium,veteran,"Veteran model: 2025 form, prior-year trend and same team pass/run forecast; team pass volume #4, rush volume #26",4,26,0.596,,,45.1,,222.9,244.0,17.0,17.4,14,169.8,12.1,26,12512,244.0,1012.0,6.0,32.0,,228.0,1.0,,,,
82,95,54.0,-28.0,-41.0,5,Joe Burrow,QB,12,4,QB 4,QB 12,CIN,6,,Starter,Pricey,290.1,17.1,274.2,16.13,199.5,306.0,18.0,-31.8,12.4,Medium,veteran,"Veteran model: 2025 form, prior-year trend and same team pass/run forecast; team pass volume #1, rush volume #31",1,31,0.625,578.2,549.0,,,35.1,46.0,2.8,-5.8,8,139.4,17.4,29,6770,46.0,138.0,2.0,,,,,377.0,549.0,4008.0,33.0
39,37,55.1,16.1,18.1,5,D'Andre Swift,RB,17,24,RB 24,RB 17,CHI,10,,Starter,Target,215.2,12.7,219.1,12.89,168.3,208.0,12.24,11.1,13.1,High,veteran,"Veteran model: 2025 form, prior-year trend and same team pass/run forecast; team pass volume #13, rush volume #6",13,6,0.555,,,49.4,,232.6,217.0,29.0,29.3,16,228.6,14.3,15,6790,217.0,978.0,7.0,37.0,,272.0,1.0,,,,
73,93,55.9,-17.1,-37.1,5,Terry McLaurin,WR,29,24,WR 24,WR 29,WAS,7,,Starter,Pricey,193.1,11.4,172.2,10.13,105.1,214.0,12.59,-41.8,10.4,Medium,veteran,"Veteran model: 2025 form, prior-year trend and same team pass/run forecast; team pass volume #29, rush volume #8",29,8,0.542,,,96.4,,0.4,1.0,6.9,-4.8,10,114.2,11.4,56,5927,1.0,7.0,,74.0,,1031.0,6.0,,,,
37,28,57.3,20.3,29.3,5,Jameson Williams,WR,17,25,WR 25,WR 17,DET,6,,Strong starter,Target,217.4,12.8,223.5,13.15,190.4,206.0,12.12,17.5,14.5,High,veteran,"Veteran model: 2025 form, prior-year trend and same team pass/run forecast; team pass volume #10, rush volume #7",10,7,0.562,,,116.9,,5.5,8.0,30.4,37.0,17,219.9,12.9,12,8148,8.0,44.0,,60.0,,998.0,7.0,,,,
145,186,58.5,-86.5,-127.5,5,DJ Moore,WR,54,26,WR 26,WR 54,BUF,7,,Depth,Depth,152.1,8.9,137.5,8.09,121.1,179.0,10.53,-41.5,15.0,High,veteran,"Veteran model: 2025 form, prior-year trend and new team pass/run forecast; team pass volume #28, rush volume #3",28,3,0.52,,,82.7,,8.4,5.0,-26.2,-37.6,17,170.2,10.0,35,4983,5.0,29.0,,63.0,,851.0,5.0,,,,
80,123,59.5,-20.5,-63.5,5,Mike Evans,WR,32,27,WR 27,WR 32,SF,8,Ques,Starter,Pricey,188.3,11.1,154.7,9.1,88.1,222.0,13.06,-67.3,9.7,Medium,veteran,"Veteran model: 2025 form, prior-year trend and new team pass/run forecast; team pass volume #16, rush volume #9",16,9,0.551,,,91.9,,0.0,,3.7,-14.5,8,84.8,10.6,75,2216,,,,70.0,,1022.0,8.0,,,,
48,79,60.1,12.1,-18.9,6,Sam LaPorta,TE,6,5,TE 5,TE 6,DET,6,Ques,Strong starter,Value,179.8,10.6,162.6,9.56,129.6,197.0,11.59,-34.4,13.6,Medium,veteran,"Veteran model: 2025 form, prior-year trend and same team pass/run forecast; team pass volume #10, rush volume #7",10,7,0.562,,,91.2,,0.5,1.0,21.3,3.0,9,106.9,11.9,27,10859,1.0,3.0,,76.0,,842.0,6.0,,,,
127,181,61.1,-65.9,-119.9,6,Bhayshul Tuten,RB,36,25,RB 25,RB 36,JAX,7,,Depth,Depth,149.8,8.8,124.6,7.33,80.6,175.0,10.29,-50.4,11.0,Medium,veteran,"Veteran model: 2025 form, prior-year trend and same team pass/run forecast; team pass volume #11, rush volume #15",11,15,0.567,,,31.2,,124.7,184.0,-18.0,-36.6,15,88.6,5.9,53,12490,184.0,794.0,6.0,32.0,,234.0,1.0,,,,
72,78,62.5,-9.5,-15.5,6,Jayden Daniels,QB,7,5,QB 5,QB 7,WAS,7,,Starter,Slight reach,298.0,17.5,287.0,16.88,183.4,309.0,18.18,-22.0,10.9,Medium,veteran,"Veteran model: 2025 form, prior-year trend and same team pass/run forecast; team pass volume #29, rush volume #8",29,8,0.542,452.0,479.0,,,117.6,126.0,7.6,3.1,7,117.1,16.7,34,11566,126.0,686.0,6.0,,,,,318.0,479.0,3328.0,21.0
56,57,62.9,6.9,5.9,6,Jalen Hurts,QB,4,6,QB 6,QB 4,PHI,10,,Strong starter,Fair,304.9,17.9,301.6,17.74,233.1,311.0,18.29,-9.4,13.1,High,veteran,"Veteran model: 2025 form, prior-year trend and same team pass/run forecast; team pass volume #31, rush volume #2",31,2,0.515,473.2,462.0,,,103.0,120.0,14.4,14.9,16,305.0,19.1,9,6904,120.0,515.0,9.0,,,,,300.0,462.0,3326.0,21.0
85,53,64.0,-21.0,11.0,6,Carnell Tate,WR,37,28,WR 28,WR 37,TEN,9,Ques,Depth,Depth,181.8,10.7,196.4,11.55,196.4,177.0,10.41,19.4,17.0,Low,rookie,"Rookie model: pick 4, age and destination-team environment; team pass volume #18, rush volume #30",18,30,0.589,,,0.0,,0.0,2.0,0.0,16.3,,,,,13279,2.0,10.0,,65.0,,813.0,5.0,,,,
50,52,65.6,15.6,13.6,6,Tucker Kraft,TE,7,6,TE 6,TE 7,GB,11,Ques,Starter,Target,177.0,10.4,180.1,10.59,145.0,174.0,10.24,6.1,13.7,Medium,veteran,"Veteran model: 2025 form, prior-year trend and same team pass/run forecast; team pass volume #30, rush volume #4",30,4,0.525,,,93.8,,2.2,,19.2,17.1,8,117.2,14.6,24,9484,,,,67.0,,774.0,5.0,,,,
59,63,66.1,7.1,3.1,6,Rome Odunze,WR,23,29,WR 29,WR 23,CHI,10,,Starter,Value,198.7,11.7,193.6,11.39,144.6,208.0,12.24,-14.4,12.7,High,veteran,"Veteran model: 2025 form, prior-year trend and same team pass/run forecast; team pass volume #13, rush volume #6",13,6,0.555,,,111.3,,1.6,1.0,12.6,10.1,12,146.1,12.2,41,11620,1.0,6.0,,68.0,,973.0,7.0,,,,
67,101,67.1,0.1,-33.9,6,Harold Fannin,TE,12,7,TE 7,TE 12,CLE,11,,Starter,Fair,164.2,9.7,148.4,8.73,115.1,180.0,10.59,-31.6,13.2,Medium,veteran,"Veteran model: 2025 form, prior-year trend and same team pass/run forecast; team pass volume #4, rush volume #26",4,26,0.596,,,95.3,,2.3,6.0,8.5,-8.2,16,186.4,11.7,6,12506,6.0,25.0,,74.0,,739.0,5.0,,,,
28,21,68.2,40.2,47.2,6,Kyle Pitts,TE,3,8,TE 8,TE 3,ATL,11,,Strong starter,Target,197.7,11.6,211.6,12.45,185.0,172.0,10.12,39.6,14.9,High,veteran,"Veteran model: 2025 form, prior-year trend and same team pass/run forecast; team pass volume #17, rush volume #5",17,5,0.545,,,109.6,,0.0,,39.0,46.2,17,210.8,12.4,2,7553,,,,66.0,,756.0,5.0,,,,
65,89,69.1,4.1,-19.9,6,Christian Watson,WR,27,30,WR 30,WR 27,GB,11,,Starter,Fair,194.0,11.4,180.0,10.59,131.1,208.0,12.24,-28.0,12.4,Medium,veteran,"Veteran model: 2025 form, prior-year trend and same team pass/run forecast; team pass volume #30, rush volume #4",30,4,0.525,,,97.5,,2.4,2.0,8.9,-0.1,10,132.4,13.2,46,8167,2.0,14.0,,63.0,,1012.0,7.0,,,,
81,39,69.7,-11.3,30.7,6,Jadarian Price,RB,24,26,RB 26,RB 24,SEA,11,,Starter,Slight reach,182.9,10.8,221.7,13.04,151.2,170.0,10.0,51.7,11.6,Low,rookie,"Rookie model: pick 32, age and destination-team environment; team pass volume #23, rush volume #21",23,21,0.557,,,0.0,,0.0,212.0,3.6,27.7,,,,,13286,212.0,912.0,7.0,19.0,,138.0,1.0,,,,
47,35,71.9,24.9,36.9,6,Caleb Williams,QB,3,7,QB 7,QB 3,CHI,10,,Strong starter,Target,312.4,18.4,319.6,18.8,290.2,299.0,17.59,20.6,15.4,High,veteran,"Veteran model: 2025 form, prior-year trend and same team pass/run forecast; team pass volume #13, rush volume #6",13,6,0.555,551.5,514.0,,,88.3,75.0,23.7,33.9,17,325.3,19.1,5,11560,75.0,373.0,3.0,,,,,316.0,514.0,3651.0,28.0
60,60,72.4,12.4,12.4,7,Brian Thomas,WR,26,31,WR 31,WR 26,JAX,7,,Starter,Value,196.8,11.6,197.8,11.63,159.1,195.0,11.47,2.8,13.7,High,veteran,"Veteran model: 2025 form, prior-year trend and same team pass/run forecast; team pass volume #11, rush volume #15",11,15,0.567,,,104.9,,4.8,3.0,12.1,14.3,14,138.8,9.9,42,11631,3.0,17.0,,62.0,,897.0,7.0,,,,
86,85,73.6,-12.4,-11.4,7,Jaylen Warren,RB,25,27,RB 27,RB 25,PIT,9,,Depth,Depth,177.6,10.4,181.1,10.65,135.2,171.0,10.06,10.1,12.7,High,veteran,"Veteran model: 2025 form, prior-year trend and same team pass/run forecast; team pass volume #24, rush volume #18",24,18,0.556,,,47.9,,182.4,172.0,0.0,0.0,16,217.1,13.6,17,8228,172.0,759.0,5.0,36.0,,267.0,1.0,,,,
93,91,74.3,-18.7,-16.7,7,DK Metcalf,WR,40,32,WR 32,WR 40,PIT,9,Ques,Depth,Depth,178.1,10.5,175.4,10.32,136.1,183.0,10.76,-7.6,13.2,High,veteran,"Veteran model: 2025 form, prior-year trend and same team pass/run forecast; team pass volume #24, rush volume #18",24,18,0.556,,,96.5,,1.8,2.0,-2.9,-3.6,15,187.2,12.5,26,5846,2.0,10.0,,62.0,,843.0,6.0,,,,
75,68,75.7,0.7,7.7,7,Marvin Harrison,WR,31,33,WR 33,WR 31,ARI,14,,Starter,Fair,189.3,11.1,191.1,11.24,135.1,186.0,10.94,5.1,12.0,High,veteran,"Veteran model: 2025 form, prior-year trend and same team pass/run forecast; team pass volume #3, rush volume #29",3,29,0.602,,,107.4,,1.4,,5.3,7.8,12,127.8,10.7,49,11628,,,,62.0,,882.0,6.0,,,,
121,131,76.1,-44.9,-54.9,7,Chuba Hubbard,RB,34,28,RB 28,RB 34,CAR,5,Ques,Depth,Depth,153.1,9.0,155.9,9.17,102.5,148.0,8.71,7.9,11.2,High,veteran,"Veteran model: 2025 form, prior-year trend and same team pass/run forecast; team pass volume #22, rush volume #23",22,23,0.564,,,43.5,,149.4,181.0,-16.1,-16.6,15,125.4,8.4,38,7594,181.0,766.0,5.0,22.0,,153.0,1.0,,,,
83,99,76.7,-6.3,-22.3,7,Parker Washington,WR,35,34,WR 34,WR 35,JAX,7,Ques,Starter,Fair,184.7,10.9,170.1,10.0,133.4,212.0,12.47,-41.9,13.3,High,veteran,"Veteran model: 2025 form, prior-year trend and same team pass/run forecast; team pass volume #11, rush volume #15",11,15,0.567,,,94.8,,3.6,10.0,2.3,-7.8,16,184.7,11.5,27,9487,10.0,58.0,,72.0,,906.0,7.0,,,,
193,92,78.6,-114.4,-13.4,7,Jordyn Tyson,WR,66,35,WR 35,WR 66,NO,8,Doub,Depth,Depth,127.2,7.5,175.7,10.34,153.8,111.0,6.53,64.7,14.9,Low,rookie,"Rookie model: pick 8, age and destination-team environment; team pass volume #8, rush volume #22",8,22,0.58,,,0.0,,0.0,1.0,-47.9,-3.9,,,,,13281,1.0,6.0,,41.0,,514.0,3.0,,,,
108,71,79.9,-28.1,8.9,7,RJ Harvey,RB,29,29,RB 29,RB 29,DEN,10,,Depth,Depth,166.6,9.8,189.2,11.13,141.7,144.0,8.47,45.2,12.7,Medium,veteran,"Veteran model: 2025 form, prior-year trend and same team pass/run forecast; team pass volume #6, rush volume #19",6,19,0.57,,,56.8,,150.7,124.0,-8.2,6.1,17,206.6,12.2,20,12489,124.0,515.0,3.0,37.0,,276.0,2.0,,,,
68,51,80.9,12.9,29.9,7,Courtland Sutton,WR,28,36,WR 36,WR 28,DEN,10,,Starter,Value,193.4,11.4,203.9,11.99,147.4,174.0,10.24,29.9,12.3,High,veteran,"Veteran model: 2025 form, prior-year trend and same team pass/run forecast; team pass volume #6, rush volume #19",6,19,0.57,,,115.3,,0.2,,8.4,17.2,17,219.7,12.9,13,5045,,,,59.0,,793.0,6.0,,,,
95,107,81.7,-13.3,-25.3,7,Dak Prescott,QB,15,8,QB 8,QB 15,DAL,14,,Depth,Depth,281.1,16.5,268.8,15.81,198.7,304.0,17.88,-35.2,12.6,High,veteran,"Veteran model: 2025 form, prior-year trend and same team pass/run forecast; team pass volume #2, rush volume #20",2,20,0.586,556.2,580.0,,,44.4,44.0,-3.8,-9.9,17,323.8,19.0,6,3294,44.0,152.0,1.0,,,,,389.0,580.0,4292.0,31.0
92,75,82.3,-9.7,7.3,7,Michael Wilson,WR,39,37,WR 37,WR 39,ARI,14,,Depth,Depth,178.7,10.5,185.5,10.91,143.7,166.0,9.76,19.5,13.2,High,veteran,"Veteran model: 2025 form, prior-year trend and same team pass/run forecast; team pass volume #3, rush volume #29",3,29,0.602,,,107.5,,1.3,1.0,-2.4,4.2,17,220.6,13.0,10,10232,1.0,6.0,,59.0,,764.0,5.0,,,,
78,72,83.4,5.4,11.4,7,Justin Herbert,QB,11,9,QB 9,QB 11,LAC,7,,Starter,Fair,291.5,17.1,289.6,17.04,212.5,295.0,17.35,-5.4,12.5,High,veteran,"Veteran model: 2025 form, prior-year trend and same team pass/run forecast; team pass volume #14, rush volume #16",14,16,0.569,541.4,533.0,,,78.5,70.0,3.9,5.4,16,299.8,18.7,10,6797,70.0,338.0,3.0,,,,,355.0,533.0,3842.0,26.0
98,119,83.5,-14.5,-35.5,7,Jaxson Dart,QB,16,10,QB 10,QB 16,NYG,8,,Depth,Depth,280.2,16.5,263.5,15.5,190.7,297.0,17.47,-33.5,12.3,Medium,veteran,"Veteran model: 2025 form, prior-year trend and same team pass/run forecast; team pass volume #19, rush volume #10",19,10,0.558,455.8,495.0,,,98.9,106.0,-4.3,-13.5,14,246.5,17.6,14,12508,106.0,539.0,6.0,,,,,322.0,495.0,3366.0,22.0
102,105,85.1,-16.9,-19.9,8,Rhamondre Stevenson,RB,28,30,RB 30,RB 28,NE,11,,Depth,Depth,167.7,9.9,167.1,9.83,111.1,169.0,9.94,-1.9,11.3,High,veteran,"Veteran model: 2025 form, prior-year trend and same team pass/run forecast; team pass volume #27, rush volume #12",27,12,0.551,,,44.9,,158.3,183.0,-6.6,-9.3,14,178.8,12.8,25,7611,183.0,786.0,6.0,29.0,,214.0,1.0,,,,
118,158,86.0,-32.0,-72.0,8,Makai Lemon,WR,47,38,WR 38,WR 47,PHI,10,Ques,Depth,Depth,163.1,9.6,145.4,8.55,106.6,169.0,9.94,-23.6,12.5,Low,rookie,"Rookie model: pick 20, age and destination-team environment; team pass volume #31, rush volume #2",31,2,0.515,,,0.0,,0.0,2.0,-13.8,-25.5,,,,,13294,2.0,10.0,,60.0,,775.0,5.0,,,,
103,96,87.6,-15.4,-8.4,8,Tony Pollard,RB,27,31,RB 31,RB 27,TEN,9,,Depth,Depth,168.3,9.9,172.8,10.16,122.3,160.0,9.41,12.8,12.0,High,veteran,"Veteran model: 2025 form, prior-year trend and same team pass/run forecast; team pass volume #18, rush volume #30",18,30,0.589,,,38.5,,208.0,189.0,-6.6,-5.9,17,185.8,10.9,23,5967,189.0,794.0,5.0,28.0,,187.0,1.0,,,,
111,110,88.5,-22.5,-21.5,8,Rico Dowdle,RB,30,32,RB 32,RB 30,PIT,9,,Depth,Depth,164.8,9.7,166.8,9.81,130.3,161.0,9.47,5.8,13.3,High,veteran,"Veteran model: 2025 form, prior-year trend and new team pass/run forecast; team pass volume #24, rush volume #18",24,18,0.556,,,38.3,,185.3,159.0,-10.0,-11.2,17,216.3,12.7,18,7021,159.0,678.0,4.0,38.0,,273.0,1.0,,,,
62,65,90.0,28.0,25.0,8,Dalton Kincaid,TE,9,9,TE 9,TE 9,BUF,7,,Starter,Target,167.8,9.9,169.8,9.99,135.7,164.0,9.65,5.8,13.6,High,veteran,"Veteran model: 2025 form, prior-year trend and same team pass/run forecast; team pass volume #28, rush volume #3",28,3,0.52,,,82.5,,0.7,,11.7,8.7,12,126.1,10.5,20,10236,,,,66.0,,736.0,4.0,,,,
63,77,90.3,27.3,13.3,8,George Kittle,TE,10,10,TE 10,TE 10,SF,8,PUP,Starter,Target,166.2,9.8,163.5,9.62,121.0,169.0,9.94,-5.5,12.6,Medium,veteran,"Veteran model: 2025 form, prior-year trend and same team pass/run forecast; team pass volume #16, rush volume #9",16,9,0.551,,,96.8,,0.9,,9.6,3.4,11,161.5,14.7,13,4217,,,,62.0,,713.0,6.0,,,,
94,81,92.6,-1.4,11.6,8,J.K. Dobbins,RB,26,33,RB 33,RB 26,DEN,10,,Depth,Depth,172.4,10.1,184.8,10.87,120.0,160.0,9.41,24.8,11.0,Medium,veteran,"Veteran model: 2025 form, prior-year trend and same team pass/run forecast; team pass volume #6, rush volume #19",6,19,0.57,,,32.4,,234.2,171.0,-3.4,2.4,10,115.9,11.6,43,6806,171.0,732.0,6.0,26.0,,190.0,1.0,,,,
61,70,93.6,32.6,23.6,8,Travis Kelce,TE,8,11,TE 11,TE 8,KC,5,,Starter,Target,170.0,10.0,169.5,9.97,121.6,171.0,10.06,-1.5,12.2,High,veteran,"Veteran model: 2025 form, prior-year trend and same team pass/run forecast; team pass volume #5, rush volume #25",5,25,0.589,,,97.0,,0.8,,12.1,7.6,17,193.2,11.4,3,1466,,,,70.0,,714.0,5.0,,,,
105,108,95.8,-9.2,-12.2,8,Chris Godwin,WR,45,39,WR 39,WR 45,TB,10,,Depth,Depth,166.0,9.8,158.0,9.29,71.8,174.0,10.24,-16.0,7.7,Medium,veteran,"Veteran model: 2025 form, prior-year trend and same team pass/run forecast; team pass volume #12, rush volume #11",12,11,0.562,,,88.0,,1.0,1.0,-7.2,-10.0,9,83.0,9.2,78,4037,1.0,6.0,,68.0,,750.0,5.0,,,,
126,143,96.0,-30.0,-47.0,8,Kyle Monangai,RB,33,34,RB 34,RB 33,CHI,10,Ques,Depth,Depth,154.0,9.1,153.0,9.0,112.8,155.0,9.12,-2.0,12.5,Medium,veteran,"Veteran model: 2025 form, prior-year trend and same team pass/run forecast; team pass volume #13, rush volume #6",13,6,0.555,,,34.9,,160.3,166.0,-17.4,-20.7,17,146.7,8.6,30,12534,166.0,751.0,6.0,23.0,,165.0,1.0,,,,
84,76,97.2,13.2,21.2,9,Alec Pierce,WR,36,40,WR 40,WR 36,IND,13,PUP,Starter,Value,182.4,10.7,184.8,10.87,143.9,178.0,10.47,6.8,13.2,High,veteran,"Veteran model: 2025 form, prior-year trend and same team pass/run forecast; team pass volume #21, rush volume #13",21,13,0.554,,,102.7,,0.7,1.0,0.5,3.6,15,183.3,12.2,28,8142,1.0,7.0,,54.0,,872.0,6.0,,,,
77,80,97.5,20.5,17.5,9,Trevor Lawrence,QB,10,11,QB 11,QB 10,JAX,7,,Starter,Target,291.9,17.2,285.9,16.82,231.8,303.0,17.82,-17.1,13.8,High,veteran,"Veteran model: 2025 form, prior-year trend and same team pass/run forecast; team pass volume #11, rush volume #15",11,15,0.567,525.1,522.0,,,73.4,79.0,4.6,3.0,17,350.1,20.6,4,7523,79.0,339.0,5.0,,,,,329.0,522.0,3788.0,26.0
74,56,99.6,25.6,43.6,9,Matthew Stafford,QB,9,12,QB 12,QB 9,LAR,11,,Starter,Target,292.8,17.2,299.7,17.63,265.8,280.0,16.47,19.7,15.1,High,veteran,"Veteran model: 2025 form, prior-year trend and same team pass/run forecast; team pass volume #7, rush volume #14",7,14,0.568,636.2,528.0,,,20.0,27.0,5.9,15.5,17,358.3,21.1,3,421,27.0,19.0,,,,,,343.0,528.0,4033.0,32.0
99,126,100.8,1.8,-25.2,9,Jake Ferguson,TE,15,12,TE 12,TE 15,DAL,14,,Depth,Depth,148.2,8.7,141.9,8.35,126.2,160.0,9.41,-18.1,15.1,High,veteran,"Veteran model: 2025 form, prior-year trend and same team pass/run forecast; team pass volume #2, rush volume #20",2,20,0.586,,,91.5,,0.8,,-4.4,-15.1,17,188.1,11.1,5,8110,,,,70.0,,618.0,5.0,,,,
110,102,102.1,-7.9,0.1,9,Michael Pittman,WR,43,41,WR 41,WR 43,PIT,9,Ques,Depth,Depth,169.9,10.0,169.3,9.96,137.2,171.0,10.06,-1.7,13.8,High,veteran,"Veteran model: 2025 form, prior-year trend and new team pass/run forecast; team pass volume #24, rush volume #18",24,18,0.556,,,100.0,,0.5,1.0,-9.7,-8.8,17,202.4,11.9,18,6819,1.0,7.0,,69.0,,772.0,4.0,,,,
157,182,103.5,-53.5,-78.5,9,Blake Corum,RB,43,35,RB 35,RB 43,LAR,11,,Depth,Depth,132.3,7.8,130.9,7.7,95.1,135.0,7.94,-4.1,12.4,High,veteran,"Veteran model: 2025 form, prior-year trend and same team pass/run forecast; team pass volume #7, rush volume #14",7,14,0.568,,,26.0,,146.8,172.0,-33.0,-36.6,17,122.2,7.2,40,11586,172.0,757.0,6.0,15.0,,106.0,,,,,
76,61,104.5,28.5,43.5,9,Jordan Addison,WR,33,42,WR 42,WR 33,MIN,6,,Starter,Target,188.0,11.1,196.6,11.56,167.2,172.0,10.12,24.6,14.5,High,veteran,"Veteran model: 2025 form, prior-year trend and same team pass/run forecast; team pass volume #26, rush volume #27",26,27,0.575,,,103.9,,4.8,4.0,5.3,14.1,14,135.1,9.7,45,9756,4.0,22.0,,60.0,,795.0,5.0,,,,
97,86,104.6,7.6,18.6,9,Jakobi Meyers,WR,41,43,WR 43,WR 41,JAX,7,,Depth,Depth,176.2,10.4,180.1,10.59,124.6,169.0,9.94,11.1,11.8,High,veteran,"Veteran model: 2025 form, prior-year trend and same team pass/run forecast; team pass volume #11, rush volume #15",11,15,0.567,,,101.3,,2.8,4.0,-3.9,0.0,16,175.8,11.0,32,5947,4.0,21.0,,64.0,,732.0,5.0,,,,
71,58,107.2,36.2,49.2,9,Patrick Mahomes,QB,8,13,QB 13,QB 8,KC,5,Ques,Starter,Target,296.8,17.5,302.1,17.77,218.8,287.0,16.88,15.1,12.3,High,veteran,"Veteran model: 2025 form, prior-year trend and same team pass/run forecast; team pass volume #5, rush volume #25",5,25,0.589,548.8,555.0,,,77.2,47.0,7.7,14.4,14,296.7,21.2,11,4046,47.0,202.0,1.0,,,,,370.0,555.0,3962.0,29.0
70,46,108.9,38.9,62.9,10,Quentin Johnston,WR,30,44,WR 44,WR 30,LAC,7,Ques,Starter,Target,192.1,11.3,207.2,12.19,159.7,164.0,9.65,43.2,13.1,High,veteran,"Veteran model: 2025 form, prior-year trend and same team pass/run forecast; team pass volume #14, rush volume #16",14,16,0.569,,,114.2,,3.0,2.0,7.9,20.9,14,171.2,12.2,34,9754,2.0,11.0,,58.0,,748.0,5.0,,,,
113,111,109.6,-3.4,-1.4,10,Josh Downs,WR,44,45,WR 45,WR 44,IND,13,,Depth,Depth,167.2,9.8,164.7,9.69,121.1,172.0,10.12,-7.3,12.5,High,veteran,"Veteran model: 2025 form, prior-year trend and same team pass/run forecast; team pass volume #21, rush volume #13",21,13,0.554,,,91.5,,2.3,2.0,-10.7,-11.3,16,136.4,8.5,44,9500,2.0,13.0,,70.0,,770.0,4.0,,,,
57,38,110.8,53.8,72.8,10,Wan'Dale Robinson,WR,25,46,WR 46,WR 25,TEN,9,,Starter,Target,197.7,11.6,212.1,12.48,188.3,171.0,10.06,41.1,15.1,High,veteran,"Veteran model: 2025 form, prior-year trend and new team pass/run forecast; team pass volume #18, rush volume #30",18,30,0.589,,,125.2,,2.6,3.0,14.1,28.4,16,217.9,13.6,14,8126,3.0,16.0,,71.0,,741.0,4.0,,,,
124,135,111.4,-12.6,-23.6,10,Kenny Gainwell,RB,32,36,RB 36,RB 32,TB,10,,Depth,Depth,156.0,9.2,158.2,9.31,125.8,152.0,8.94,6.2,13.5,High,veteran,"Veteran model: 2025 form, prior-year trend and new team pass/run forecast; team pass volume #12, rush volume #11",12,11,0.562,,,57.5,,107.5,99.0,-17.2,-18.2,17,221.3,13.0,16,7567,99.0,418.0,3.0,47.0,,355.0,2.0,,,,
152,161,111.9,-40.1,-49.1,10,Jacory Croskey-Merritt,RB,42,37,RB 37,RB 42,WAS,7,,Depth,Depth,135.2,8.0,142.5,8.38,102.5,128.0,7.53,14.5,12.2,Medium,veteran,"Veteran model: 2025 form, prior-year trend and same team pass/run forecast; team pass volume #29, rush volume #8",29,8,0.542,,,27.1,,165.5,141.0,-30.4,-27.7,17,140.3,8.3,33,12533,141.0,614.0,5.0,19.0,,135.0,1.0,,,,
147,210,113.7,-33.3,-96.3,10,Isaiah Likely,TE,26,13,TE 13,TE 26,NYG,8,,Depth,Depth,117.0,6.9,95.4,5.61,70.5,157.0,9.24,-61.6,12.6,High,veteran,"Veteran model: 2025 form, prior-year trend and new team pass/run forecast; team pass volume #19, rush volume #10",19,10,0.558,,,53.8,,0.0,,-26.8,-47.1,14,61.7,4.4,45,8131,,,,62.0,,653.0,5.0,,,,
79,127,114.5,35.5,-12.5,10,Jayden Reed,WR,34,47,WR 47,WR 34,GB,11,,Starter,Target,187.6,11.0,156.2,9.19,100.7,198.0,11.65,-41.8,11.0,Low,veteran,"Veteran model: 2025 form, prior-year trend and same team pass/run forecast; team pass volume #30, rush volume #4",30,4,0.525,,,78.7,,9.1,14.0,3.8,-15.5,7,48.5,6.9,115,10222,14.0,83.0,,70.0,,853.0,6.0,,,,
117,109,115.9,-1.1,6.9,10,Stefon Diggs,WR,48,48,WR 48,WR 48,WAS,7,,Depth,Depth,162.6,9.6,165.6,9.74,118.3,157.0,9.24,8.6,12.1,High,veteran,"Veteran model: 2025 form, prior-year trend and new team pass/run forecast; team pass volume #29, rush volume #8",29,8,0.542,,,95.2,,0.8,1.0,-13.7,-10.3,17,210.3,12.4,17,2449,1.0,6.0,,64.0,,687.0,4.0,,,,
119,180,116.6,-2.4,-63.4,10,Jonathon Brooks,RB,38,38,RB 38,RB 38,CAR,5,,Depth,Depth,140.3,8.3,96.2,5.66,40.7,155.0,9.12,-58.8,7.2,Low,veteran,"Veteran model: 2024 form, prior-year trend and same team pass/run forecast; team pass volume #22, rush volume #23",22,23,0.564,,,28.6,,94.5,160.0,-15.8,-36.0,,,,,11583,160.0,684.0,4.0,34.0,,245.0,1.0,,,,
104,103,117.9,13.9,14.9,10,Oronde Gadsden,TE,18,14,TE 14,TE 18,LAC,7,,Depth,Depth,144.5,8.5,147.1,8.65,111.5,142.0,8.35,5.1,12.9,Medium,veteran,"Veteran model: 2025 form, prior-year trend and same team pass/run forecast; team pass volume #14, rush volume #16",14,16,0.569,,,75.5,,0.2,,-6.6,-9.0,15,131.4,8.8,15,12493,,,,56.0,,618.0,4.0,,,,
151,191,118.7,-32.3,-72.3,10,Jordan Mason,RB,44,39,RB 39,RB 44,MIN,6,,Depth,Depth,132.2,7.8,120.5,7.09,78.0,154.0,9.06,-33.5,11.0,High,veteran,"Veteran model: 2025 form, prior-year trend and same team pass/run forecast; team pass volume #26, rush volume #27",26,27,0.575,,,20.3,,151.2,190.0,-29.4,-39.2,16,128.9,8.1,36,8408,190.0,797.0,6.0,20.0,,140.0,1.0,,,,
91,116,120.7,29.7,4.7,11,Brock Purdy,QB,14,14,QB 14,QB 14,SF,8,,Depth,Depth,282.9,16.6,262.9,15.46,180.1,303.0,17.82,-40.1,11.6,Medium,veteran,"Veteran model: 2025 form, prior-year trend and same team pass/run forecast; team pass volume #16, rush volume #9",16,9,0.551,483.9,494.0,,,55.8,64.0,-2.3,-13.2,9,187.4,20.8,24,8183,64.0,242.0,3.0,,,,,333.0,494.0,3900.0,30.0
58,48,121.1,63.1,73.1,11,Bo Nix,QB,5,15,QB 15,QB 5,DEN,10,,Strong starter,Target,301.4,17.7,304.3,17.9,257.7,296.0,17.41,8.3,14.4,High,veteran,"Veteran model: 2025 form, prior-year trend and same team pass/run forecast; team pass volume #6, rush volume #19",6,19,0.57,529.8,555.0,,,81.1,76.0,12.9,18.7,17,315.8,18.6,7,11563,76.0,330.0,4.0,,,,,366.0,555.0,3768.0,26.0
132,140,123.0,-9.0,-17.0,11,Aaron Jones,RB,37,40,RB 40,RB 37,MIN,6,,Depth,Depth,144.2,8.5,148.0,8.71,87.3,137.0,8.06,11.0,10.0,High,veteran,"Veteran model: 2025 form, prior-year trend and same team pass/run forecast; team pass volume #26, rush volume #27",26,27,0.575,,,41.7,,152.2,131.0,-19.6,-19.5,12,118.7,9.9,41,4199,131.0,563.0,3.0,34.0,,248.0,1.0,,,,
90,87,124.2,34.2,37.2,11,Dallas Goedert,TE,14,15,TE 15,TE 14,PHI,10,,Depth,Depth,150.9,8.9,158.9,9.35,121.8,136.0,8.0,22.9,13.0,High,veteran,"Veteran model: 2025 form, prior-year trend and same team pass/run forecast; team pass volume #31, rush volume #2",31,2,0.515,,,86.8,,0.5,,-1.8,0.0,15,185.1,12.3,7,5022,,,,53.0,,590.0,4.0,,,,
139,137,125.1,-13.9,-11.9,11,KC Concepcion,WR,52,49,WR 49,WR 52,CLE,11,,Depth,Depth,156.4,9.2,157.8,9.28,135.3,156.0,9.18,1.8,14.6,Low,rookie,"Rookie model: pick 24, age and destination-team environment; team pass volume #4, rush volume #26",4,26,0.596,,,0.0,,0.0,9.0,-21.8,-19.2,,,,,13298,9.0,54.0,,58.0,,710.0,4.0,,,,
154,166,128.2,-25.8,-37.8,11,Rachaad White,RB,40,41,RB 41,RB 40,WAS,7,Ques,Depth,Depth,138.1,8.1,143.6,8.45,111.7,128.0,7.53,15.6,13.2,High,veteran,"Veteran model: 2025 form, prior-year trend and new team pass/run forecast; team pass volume #29, rush volume #8",29,8,0.542,,,41.3,,132.1,114.0,-30.7,-29.1,17,143.0,8.4,32,8136,114.0,468.0,3.0,34.0,,253.0,1.0,,,,
106,144,129.5,23.5,-14.5,11,Mark Andrews,TE,19,16,TE 16,TE 19,BAL,13,,Depth,Depth,143.0,8.4,132.3,7.78,103.7,163.0,9.59,-30.7,13.3,High,veteran,"Veteran model: 2025 form, prior-year trend and same team pass/run forecast; team pass volume #32, rush volume #1",32,1,0.497,,,69.0,,6.5,6.0,-8.0,-20.8,17,131.0,7.7,16,5012,6.0,12.0,,60.0,,653.0,6.0,,,,
140,175,130.8,-9.2,-44.2,11,Matthew Golden,WR,55,50,WR 50,WR 55,GB,11,,Depth,Depth,151.6,8.9,133.3,7.84,97.6,170.0,10.0,-36.7,12.5,Medium,veteran,"Veteran model: 2025 form, prior-year trend and same team pass/run forecast; team pass volume #30, rush volume #4",30,4,0.525,,,71.8,,6.6,8.0,-22.2,-34.4,14,70.0,5.0,89,12501,8.0,51.0,,58.0,,770.0,5.0,,,,
122,124,131.3,9.3,7.3,11,Romeo Doubs,WR,49,51,WR 51,WR 49,NE,11,,Depth,Depth,161.9,9.5,162.4,9.55,132.4,161.0,9.47,1.4,13.9,High,veteran,"Veteran model: 2025 form, prior-year trend and new team pass/run forecast; team pass volume #27, rush volume #12",27,12,0.551,,,90.8,,0.8,,-16.3,-14.5,16,165.4,10.3,37,8121,,,,57.0,,742.0,5.0,,,,
64,64,132.6,68.6,68.6,12,Hunter Henry,TE,11,17,TE 17,TE 11,NE,11,,Starter,Target,165.2,9.7,171.3,10.08,128.4,154.0,9.06,17.3,12.7,High,veteran,"Veteran model: 2025 form, prior-year trend and same team pass/run forecast; team pass volume #27, rush volume #12",27,12,0.551,,,88.0,,0.3,,9.0,9.3,17,178.8,10.5,9,3214,,,,58.0,,655.0,5.0,,,,
87,74,132.8,45.8,58.8,12,Jared Goff,QB,13,16,QB 16,QB 13,DET,6,,Depth,Depth,286.2,16.8,288.0,16.94,259.3,283.0,16.65,5.0,15.3,High,veteran,"Veteran model: 2025 form, prior-year trend and same team pass/run forecast; team pass volume #10, rush volume #7",10,7,0.562,584.7,533.0,,,28.8,29.0,0.0,5.2,17,305.1,17.9,8,3163,29.0,53.0,1.0,,,,,362.0,533.0,4104.0,30.0
128,128,137.6,9.6,9.6,12,Deebo Samuel,WR,50,52,WR 52,WR 50,SF,8,,Depth,Depth,159.5,9.4,161.5,9.5,134.6,156.0,9.18,5.5,14.2,High,veteran,"Veteran model: 2025 form, prior-year trend and new team pass/run forecast; team pass volume #16, rush volume #9",16,9,0.551,,,86.9,,15.1,17.0,-18.6,-15.5,16,188.2,11.8,25,5872,17.0,89.0,1.0,56.0,,628.0,4.0,,,,
107,97,138.6,31.6,41.6,12,Khalil Shakir,WR,42,53,WR 53,WR 42,BUF,7,Ques,Depth,Depth,171.5,10.1,171.7,10.1,133.4,171.0,10.06,0.7,13.2,High,veteran,"Veteran model: 2025 form, prior-year trend and same team pass/run forecast; team pass volume #28, rush volume #3",28,3,0.52,,,93.9,,2.4,2.0,-8.0,-6.5,16,166.4,10.4,36,8134,2.0,10.0,,71.0,,747.0,4.0,,,,
115,104,139.3,24.3,35.3,12,Xavier Worthy,WR,46,54,WR 54,WR 46,KC,5,Ques,Depth,Depth,166.0,9.8,168.2,9.9,128.1,162.0,9.53,6.2,12.9,High,veteran,"Veteran model: 2025 form, prior-year trend and same team pass/run forecast; team pass volume #5, rush volume #25",5,25,0.589,,,90.1,,10.8,17.0,-12.0,-9.0,14,109.9,7.9,59,11624,17.0,90.0,1.0,55.0,,695.0,4.0,,,,
100,88,139.7,39.7,51.7,12,Baker Mayfield,QB,17,17,QB 17,QB 17,TB,10,,Depth,Depth,279.7,16.5,282.2,16.6,215.8,275.0,16.18,7.2,13.0,High,veteran,"Veteran model: 2025 form, prior-year trend and same team pass/run forecast; team pass volume #12, rush volume #11",12,11,0.562,545.9,526.0,,,61.8,63.0,-5.0,0.0,17,282.9,16.6,12,4892,63.0,306.0,2.0,,,,,343.0,526.0,3682.0,26.0
149,90,141.7,-7.3,51.7,12,Zach Charbonnet,RB,39,42,RB 42,RB 39,SEA,11,PUP,Depth,Depth,138.8,8.2,177.5,10.44,130.4,67.0,3.94,110.5,12.5,High,veteran,"Veteran model: 2025 form, prior-year trend and same team pass/run forecast; team pass volume #23, rush volume #21",23,21,0.557,,,40.3,,189.5,65.0,-28.5,-2.6,16,181.4,11.3,24,9753,65.0,264.0,3.0,11.0,,78.0,1.0,,,,
136,170,143.4,7.4,-26.6,12,Jalen Coker,WR,57,55,WR 55,WR 57,CAR,5,,Depth,Depth,147.3,8.7,128.5,7.56,77.0,166.0,9.76,-37.5,10.2,Medium,veteran,"Veteran model: 2025 form, prior-year trend and same team pass/run forecast; team pass volume #22, rush volume #23",22,23,0.564,,,71.8,,1.1,1.0,-20.7,-31.0,11,90.4,8.2,69,11646,1.0,6.0,,60.0,,753.0,5.0,,,,
176,224,144.6,-31.4,-79.4,13,Chris Rodriguez,RB,48,43,RB 43,RB 48,JAX,7,,Depth,Depth,110.5,6.5,98.4,5.79,63.4,133.0,7.82,-34.6,11.0,High,veteran,"Veteran model: 2025 form, prior-year trend and new team pass/run forecast; team pass volume #11, rush volume #15",11,15,0.567,,,14.9,,131.9,171.0,-43.4,-53.5,13,92.0,7.1,51,10219,171.0,728.0,6.0,15.0,,107.0,,,,,
181,168,145.6,-35.4,-22.4,13,Kenyon Sadiq,TE,28,18,TE 18,TE 28,NYJ,13,Ques,Depth,Depth,107.4,6.3,129.5,7.62,129.5,100.0,5.88,29.5,17.0,Low,rookie,"Rookie model: pick 16, age and destination-team environment; team pass volume #20, rush volume #28",20,28,0.583,,,0.0,,0.0,2.0,-45.8,-29.4,,,,,13330,2.0,7.0,,40.0,,415.0,3.0,,,,
216,228,146.1,-69.9,-81.9,13,Tyler Allgeier,RB,50,44,RB 44,RB 50,ARI,14,,Depth,Depth,90.9,5.3,102.7,6.04,72.0,69.0,4.06,33.7,11.9,High,veteran,"Veteran model: 2025 form, prior-year trend and new team pass/run forecast; team pass volume #3, rush volume #29",3,29,0.602,,,19.9,,127.2,95.0,-60.7,-54.9,17,123.0,7.2,39,8132,95.0,400.0,3.0,8.0,,54.0,,,,,
123,138,146.6,23.6,8.6,13,Jordan Love,QB,19,18,QB 18,QB 19,GB,11,,Depth,Depth,265.0,15.6,257.4,15.14,200.9,279.0,16.41,-21.6,13.3,High,veteran,"Veteran model: 2025 form, prior-year trend and same team pass/run forecast; team pass volume #30, rush volume #4",30,4,0.525,506.3,501.0,,,46.0,51.0,-16.6,-19.4,15,241.3,16.1,15,6804,51.0,202.0,2.0,,,,,328.0,501.0,3808.0,27.0
231,149,148.7,-82.3,-0.3,13,Jayden Higgins,WR,93,56,WR 56,WR 93,HOU,8,IR,Depth,Depth,74.1,4.4,148.1,8.71,108.8,0.0,0.0,148.1,12.5,Medium,veteran,"Veteran model: 2025 form, prior-year trend and same team pass/run forecast; team pass volume #9, rush volume #17",9,17,0.573,,,85.9,,1.6,,-79.2,-23.5,17,129.5,7.6,47,12484,,,,,,,,,,,
223,232,150.1,-72.9,-81.9,13,Brian Robinson,RB,54,45,RB 45,RB 54,ATL,11,,Depth,Depth,83.9,4.9,91.4,5.38,62.9,70.0,4.12,21.4,11.7,High,veteran,"Veteran model: 2025 form, prior-year trend and new team pass/run forecast; team pass volume #17, rush volume #5",17,5,0.545,,,19.5,,108.6,87.0,-64.5,-61.7,17,62.5,3.7,63,8154,87.0,358.0,2.0,13.0,,91.0,,,,,
96,117,151.4,55.4,34.4,13,Brenton Strange,TE,16,19,TE 19,TE 16,JAX,7,,Depth,Depth,148.1,8.7,141.1,8.3,104.9,161.0,9.47,-19.9,12.6,High,veteran,"Veteran model: 2025 form, prior-year trend and same team pass/run forecast; team pass volume #11, rush volume #15",11,15,0.567,,,78.5,,0.2,,-3.8,-13.2,12,118.0,9.8,23,9480,,,,63.0,,680.0,5.0,,,,
153,154,155.2,2.2,1.2,13,De'Zhaun Stribling,WR,63,57,WR 57,WR 63,SF,8,,Depth,Depth,130.7,7.7,138.7,8.16,82.1,128.0,7.53,10.7,10.1,Low,rookie,"Rookie model: pick 33, age and destination-team environment; team pass volume #16, rush volume #9",16,9,0.551,,,0.0,,0.0,,-30.4,-24.6,,,,,13417,,,,46.0,,584.0,4.0,,,,
138,130,158.2,20.2,28.2,14,Rashid Shaheed,WR,56,58,WR 58,WR 56,SEA,11,,Depth,Depth,150.3,8.8,157.0,9.23,107.6,138.0,8.12,19.0,11.7,High,veteran,"Veteran model: 2025 form, prior-year trend and same team pass/run forecast; team pass volume #23, rush volume #21",23,21,0.557,,,82.0,,7.2,8.0,-21.7,-15.9,18,156.6,8.7,39,8676,8.0,46.0,,45.0,,665.0,4.0,,,,
112,136,159.1,47.1,23.1,14,Kyler Murray,QB,18,19,QB 19,QB 18,MIN,6,,Depth,Depth,269.2,15.8,251.7,14.81,153.1,275.0,16.18,-23.3,10.3,Low,veteran,"Veteran model: 2025 form, prior-year trend and new team pass/run forecast; team pass volume #26, rush volume #27",26,27,0.575,477.0,479.0,,,82.3,85.0,-10.3,-18.5,5,80.8,16.2,38,5849,85.0,503.0,3.0,,,,,320.0,479.0,3384.0,21.0
167,125,160.2,-6.8,35.2,14,Alvin Kamara,RB,49,46,RB 46,RB 49,NO,8,Ques,Depth,Depth,108.5,6.4,154.0,9.06,85.1,63.0,3.71,91.0,9.4,Medium,veteran,"Veteran model: 2025 form, prior-year trend and same team pass/run forecast; team pass volume #8, rush volume #22",8,22,0.58,,,47.1,,153.3,45.0,-38.2,-15.0,11,100.7,9.2,46,4035,45.0,185.0,1.0,20.0,,145.0,1.0,,,,
134,98,160.9,26.9,62.9,14,Tyrone Tracy,RB,35,47,RB 47,RB 35,NYG,8,,Depth,Depth,150.4,8.8,171.5,10.09,127.0,111.0,6.53,60.5,12.6,High,veteran,"Veteran model: 2025 form, prior-year trend and same team pass/run forecast; team pass volume #19, rush volume #10",19,10,0.558,,,48.2,,162.5,124.0,-20.2,-7.1,15,160.8,10.7,28,11655,124.0,528.0,3.0,21.0,,155.0,1.0,,,,
158,156,163.2,5.2,7.2,14,Denzel Boston,WR,59,59,WR 59,WR 59,CLE,11,,Depth,Depth,137.9,8.1,146.6,8.62,110.7,135.0,7.94,11.6,12.8,Low,rookie,"Rookie model: pick 39, age and destination-team environment; team pass volume #4, rush volume #26",4,26,0.596,,,0.0,,0.0,2.0,-33.1,-25.2,,,,,13346,2.0,13.0,,53.0,,624.0,3.0,,,,
109,134,164.9,55.9,30.9,14,T.J. Hockenson,TE,20,20,TE 20,TE 20,MIN,6,,Depth,Depth,142.2,8.4,135.2,7.95,103.4,155.0,9.12,-19.8,13.0,High,veteran,"Veteran model: 2025 form, prior-year trend and same team pass/run forecast; team pass volume #26, rush volume #27",26,27,0.575,,,79.8,,0.2,,-8.4,-18.1,15,112.8,7.5,26,5844,,,,66.0,,650.0,4.0,,,,
163,114,166.4,3.4,52.4,14,Woody Marks,RB,45,48,RB 48,RB 45,HOU,8,,Depth,Depth,123.7,7.3,163.3,9.61,113.2,84.0,4.94,79.3,11.8,Medium,veteran,"Veteran model: 2025 form, prior-year trend and same team pass/run forecast; team pass volume #9, rush volume #17",9,17,0.573,,,43.0,,170.5,86.0,-37.4,-12.4,16,151.1,9.4,29,12474,86.0,351.0,2.0,19.0,,137.0,1.0,,,,
144,141,167.0,23.0,26.0,14,Tyjae Spears,RB,41,49,RB 49,RB 41,TEN,9,,Depth,Depth,138.1,8.1,150.5,8.85,97.9,115.0,6.76,35.5,11.1,High,veteran,"Veteran model: 2025 form, prior-year trend and same team pass/run forecast; team pass volume #18, rush volume #30",18,30,0.589,,,53.2,,116.5,92.0,-25.8,-20.0,13,111.7,8.6,44,9508,92.0,388.0,2.0,35.0,,248.0,1.0,,,,
205,150,167.3,-37.7,17.3,14,Jonah Coleman,RB,55,50,RB 50,RB 55,DEN,10,,Depth,Depth,83.1,4.9,140.6,8.27,82.7,64.0,3.76,76.6,10.0,Low,rookie,"Rookie model: pick 108, age and destination-team environment; team pass volume #6, rush volume #19",6,19,0.57,,,0.0,,0.0,72.0,-55.6,-23.8,,,,,13345,72.0,304.0,2.0,10.0,,75.0,1.0,,,,
137,169,169.4,32.4,0.4,15,Tyler Shough,QB,24,20,QB 20,QB 24,NO,8,,Depth,Depth,252.3,14.8,233.5,13.74,148.0,271.0,15.94,-37.5,10.8,Medium,veteran,"Veteran model: 2025 form, prior-year trend and same team pass/run forecast; team pass volume #8, rush volume #22",8,22,0.58,476.7,539.0,,,64.3,84.0,-21.5,-30.9,11,164.0,14.9,26,12545,84.0,343.0,3.0,,,,,354.0,539.0,3666.0,22.0
142,183,171.9,29.9,-11.1,15,Chig Okonkwo,TE,23,21,TE 21,TE 23,WAS,7,,Depth,Depth,127.4,7.5,118.5,6.97,107.7,144.0,8.47,-25.5,15.5,High,veteran,"Veteran model: 2025 form, prior-year trend and new team pass/run forecast; team pass volume #29, rush volume #8",29,8,0.542,,,67.4,,0.5,,-23.5,-36.8,17,124.0,7.3,21,8210,,,,61.0,,591.0,4.0,,,,
168,145,173.3,5.3,28.3,15,Omar Cooper,WR,61,60,WR 60,WR 61,NYJ,13,,Depth,Depth,133.3,7.8,152.4,8.96,121.7,127.0,7.47,25.4,13.6,Low,rookie,"Rookie model: pick 30, age and destination-team environment; team pass volume #20, rush volume #28",20,28,0.583,,,0.0,,0.0,3.0,-38.8,-22.2,,,,,13276,3.0,14.0,,45.0,,567.0,4.0,,,,
194,215,174.3,-19.7,-40.7,15,Ja'Kobi Lane,WR,80,61,WR 61,WR 80,BAL,13,,Depth,Depth,104.1,6.1,101.6,5.97,62.5,105.0,6.18,-3.4,10.5,Low,rookie,"Rookie model: pick 80, age and destination-team environment; team pass volume #32, rush volume #1",32,1,0.497,,,0.0,,0.0,1.0,-48.0,-48.5,,,,,13293,1.0,6.0,,35.0,,453.0,4.0,,,,
130,67,176.1,46.1,109.1,15,Tank Dell,WR,53,62,WR 62,WR 53,HOU,8,Ques,Depth,Depth,153.9,9.1,191.8,11.28,130.1,116.0,6.82,75.8,11.5,Medium,veteran,"Veteran model: 2024 form, prior-year trend and same team pass/run forecast; team pass volume #9, rush volume #17",9,17,0.573,,,101.0,,8.4,5.0,-18.9,7.9,,,,,9502,5.0,29.0,,41.0,,539.0,3.0,,,,
125,121,177.5,52.5,56.5,15,Sam Darnold,QB,20,21,QB 21,QB 20,SEA,11,,Depth,Depth,263.5,15.5,263.8,15.52,199.9,263.0,15.47,0.8,12.9,High,veteran,"Veteran model: 2025 form, prior-year trend and same team pass/run forecast; team pass volume #23, rush volume #21",23,21,0.557,541.9,478.0,,,40.0,44.0,-17.2,-14.0,17,249.4,14.7,13,4943,44.0,157.0,2.0,,,,,317.0,478.0,3676.0,26.0
185,112,178.3,-6.7,66.3,15,Fernando Mendoza,QB,27,22,QB 22,QB 27,LV,13,,Depth,Depth,225.6,13.3,266.6,15.68,205.5,212.0,12.47,54.6,13.1,Low,rookie,"Rookie model: pick 1, age and destination-team environment; team pass volume #15, rush volume #32",15,32,0.606,0.0,434.0,,,0.0,53.0,-46.7,-12.0,,,,,13269,53.0,234.0,2.0,,,,,277.0,434.0,2894.0,19.0
219,234,180.4,-38.6,-53.6,16,Keaton Mitchell,RB,57,51,RB 51,RB 57,LAC,7,,Depth,Depth,79.5,4.7,70.1,4.12,44.5,97.0,5.71,-26.9,10.8,High,veteran,"Veteran model: 2025 form, prior-year trend and new team pass/run forecast; team pass volume #14, rush volume #16",14,16,0.569,,,17.9,,73.0,88.0,-62.3,-70.5,13,55.4,4.3,67,9511,88.0,435.0,3.0,18.0,,134.0,1.0,,,,
213,225,181.2,-31.8,-43.8,16,Tank Bigsby,RB,51,52,RB 52,RB 51,PHI,10,,Depth,Depth,89.5,5.3,102.7,6.04,70.3,65.0,3.82,37.7,11.6,High,veteran,"Veteran model: 2025 form, prior-year trend and same team pass/run forecast; team pass volume #31, rush volume #2",31,2,0.515,,,18.7,,112.6,82.0,-60.1,-53.5,16,53.8,3.4,69,9225,82.0,353.0,3.0,8.0,,59.0,,,,,
197,230,183.9,-13.1,-46.1,16,Jalen Nailor,WR,73,63,WR 63,WR 73,LV,13,,Depth,Depth,113.1,6.7,103.4,6.08,77.2,131.0,7.71,-27.6,12.7,High,veteran,"Veteran model: 2025 form, prior-year trend and new team pass/run forecast; team pass volume #15, rush volume #32",15,32,0.606,,,61.8,,2.3,3.0,-51.3,-57.3,17,100.7,5.9,61,8180,3.0,19.0,,46.0,,587.0,4.0,,,,
129,163,185.4,56.4,22.4,16,AJ Barner,TE,22,22,TE 22,TE 22,SEA,11,,Depth,Depth,129.2,7.6,122.3,7.19,95.1,142.0,8.35,-19.7,13.2,High,veteran,"Veteran model: 2025 form, prior-year trend and same team pass/run forecast; team pass volume #23, rush volume #21",23,21,0.557,,,70.5,,4.9,10.0,-18.6,-28.4,17,147.3,8.7,14,11603,10.0,14.0,1.0,58.0,,530.0,4.0,,,,
211,219,186.6,-24.4,-32.4,16,Isiah Pacheco,RB,52,53,RB 53,RB 52,DET,6,Ques,Depth,Depth,86.6,5.1,104.2,6.13,67.8,54.0,3.18,50.2,11.1,High,veteran,"Veteran model: 2025 form, prior-year trend and new team pass/run forecast; team pass volume #10, rush volume #7",10,7,0.562,,,24.7,,112.3,67.0,-59.4,-50.2,13,87.3,6.7,56,8205,67.0,263.0,2.0,10.0,,73.0,,,,,
88,84,187.1,99.1,103.1,16,Juwan Johnson,TE,13,23,TE 23,TE 13,NO,8,,Depth,Depth,153.2,9.0,159.7,9.39,114.4,141.0,8.29,18.7,12.2,High,veteran,"Veteran model: 2025 form, prior-year trend and same team pass/run forecast; team pass volume #8, rush volume #22",8,22,0.58,,,84.0,,0.3,,0.0,0.6,17,179.9,10.6,8,7002,,,,56.0,,609.0,4.0,,,,
198,185,188.2,-9.8,3.2,16,Zachariah Branch,WR,89,64,WR 64,WR 89,ATL,11,,Depth,Depth,87.5,5.1,112.8,6.64,62.3,79.0,4.65,33.8,9.4,Low,rookie,"Rookie model: pick 79, age and destination-team environment; team pass volume #17, rush volume #5",17,5,0.545,,,0.0,,0.0,,-52.1,-37.2,,,,,13320,,,,30.0,,365.0,2.0,,,,
174,167,188.7,14.7,21.7,16,Dylan Sampson,RB,46,54,RB 54,RB 46,CLE,11,,Depth,Depth,112.3,6.6,135.6,7.98,87.2,89.0,5.24,46.6,10.9,Medium,veteran,"Veteran model: 2025 form, prior-year trend and same team pass/run forecast; team pass volume #4, rush volume #26",4,26,0.596,,,46.6,,105.5,78.0,-41.9,-29.2,15,87.6,5.8,55,12469,78.0,321.0,2.0,23.0,,176.0,1.0,,,,
143,118,190.1,47.1,72.1,16,Jerry Jeudy,WR,58,65,WR 65,WR 58,CLE,11,,Depth,Depth,146.0,8.6,160.0,9.41,106.0,120.0,7.06,40.0,11.3,High,veteran,"Veteran model: 2025 form, prior-year trend and same team pass/run forecast; team pass volume #4, rush volume #26",4,26,0.596,,,98.2,,1.5,1.0,-23.8,-13.4,17,120.7,7.1,52,6783,1.0,5.0,,43.0,,581.0,3.0,,,,
204,200,191.2,-12.8,-8.8,16,Nicholas Singleton,RB,61,55,RB 55,RB 61,TEN,9,,Depth,Depth,72.7,4.3,98.8,5.81,52.6,64.0,3.76,34.8,9.0,Low,rookie,"Rookie model: pick 165, age and destination-team environment; team pass volume #18, rush volume #30",18,30,0.589,,,0.0,,0.0,65.0,-55.5,-43.6,,,,,13288,65.0,270.0,2.0,12.0,,87.0,1.0,,,,
120,177,192.5,72.5,15.5,17,Malik Willis,QB,22,23,QB 23,QB 22,MIA,6,,Depth,Depth,256.7,15.1,216.9,12.76,117.3,270.0,15.88,-53.1,9.2,Low,veteran,"Veteran model: 2025 form, prior-year trend and new team pass/run forecast; team pass volume #25, rush volume #24",25,24,0.561,353.9,419.0,,,88.6,125.0,-16.0,-35.3,4,51.1,12.8,45,8161,125.0,712.0,5.0,,,,,271.0,419.0,2848.0,17.0
101,100,193.2,92.2,93.2,17,Dalton Schultz,TE,17,24,TE 24,TE 17,HOU,8,,Depth,Depth,145.0,8.5,148.2,8.72,111.1,139.0,8.18,9.2,12.7,High,veteran,"Veteran model: 2025 form, prior-year trend and same team pass/run forecast; team pass volume #9, rush volume #17",9,17,0.573,,,88.6,,0.0,,-6.1,-8.0,17,177.7,10.5,10,5001,,,,58.0,,572.0,4.0,,,,
159,142,194.1,35.1,52.1,17,Jauan Jennings,WR,60,66,WR 66,WR 60,MIN,6,,Depth,Depth,136.4,8.0,152.7,8.98,113.3,106.0,6.24,46.7,12.6,High,veteran,"Veteran model: 2025 form, prior-year trend and new team pass/run forecast; team pass volume #26, rush volume #27",26,27,0.575,,,89.9,,0.2,,-33.6,-20.3,15,173.3,11.6,33,7049,,,,39.0,,487.0,3.0,,,,
207,203,195.6,-11.4,-7.4,17,Emmett Johnson,RB,60,56,RB 56,RB 60,KC,5,,Depth,Depth,73.1,4.3,97.2,5.72,52.5,65.0,3.82,32.2,9.2,Low,rookie,"Rookie model: pick 161, age and destination-team environment; team pass volume #5, rush volume #25",5,25,0.589,,,0.0,,0.0,67.0,-56.6,-45.4,,,,,13337,67.0,286.0,2.0,12.0,,86.0,1.0,,,,
148,152,195.8,47.8,43.8,17,Jalen McMillan,WR,64,67,WR 67,WR 64,TB,10,Ques,Depth,Depth,128.9,7.6,134.5,7.91,71.6,127.0,7.47,7.5,9.1,Low,veteran,"Veteran model: 2025 form, prior-year trend and same team pass/run forecast; team pass volume #12, rush volume #11",12,11,0.562,,,69.5,,4.1,6.0,-28.3,-24.4,4,29.9,7.5,137,11618,6.0,33.0,,44.0,,561.0,4.0,,,,
165,211,198.2,33.2,-12.8,17,Cyrus Allen,WR,90,68,WR 68,WR 90,KC,5,,Depth,Depth,86.4,5.1,60.6,3.57,24.0,95.0,5.59,-34.4,6.7,Low,rookie,"Rookie model: pick 176, age and destination-team environment; team pass volume #5, rush volume #25",5,25,0.589,,,0.0,,0.0,,-37.6,-47.1,,,,,13413,,,,34.0,,425.0,3.0,,,,
189,221,199.4,10.4,-21.6,17,Malik Washington,WR,70,69,WR 69,WR 70,MIA,6,,Depth,Depth,116.3,6.8,108.4,6.38,78.6,131.0,7.71,-22.6,12.3,High,veteran,"Veteran model: 2025 form, prior-year trend and same team pass/run forecast; team pass volume #25, rush volume #24",25,24,0.561,,,60.0,,10.5,22.0,-47.4,-51.9,17,116.7,6.9,54,11610,22.0,121.0,1.0,48.0,,472.0,3.0,,,,
186,194,200.3,14.3,6.3,17,MarShawn Lloyd,RB,66,57,RB 57,RB 66,GB,11,,Depth,Depth,59.1,3.5,80.3,4.72,31.8,52.0,3.06,28.3,6.7,Low,veteran,"Veteran model: 2024 form, prior-year trend and same team pass/run forecast; team pass volume #30, rush volume #4",30,4,0.525,,,22.0,,86.8,68.0,-46.7,-39.7,,,,,11581,68.0,281.0,2.0,7.0,,47.0,,,,,
182,120,202.1,20.1,82.1,17,Mike Washington,RB,53,58,RB 58,RB 53,LV,13,,Depth,Depth,84.8,5.0,153.3,9.02,76.2,62.0,3.65,91.3,8.4,Low,rookie,"Rookie model: pick 122, age and destination-team environment; team pass volume #15, rush volume #32",15,32,0.606,,,0.0,,0.0,66.0,-45.9,-13.7,,,,,13305,66.0,281.0,2.0,9.0,,69.0,1.0,,,,
135,115,204.9,69.9,89.9,18,C.J. Stroud,QB,21,24,QB 24,QB 21,HOU,8,,Depth,Depth,259.4,15.3,265.6,15.62,199.9,248.0,14.59,17.6,12.8,High,veteran,"Veteran model: 2025 form, prior-year trend and same team pass/run forecast; team pass volume #9, rush volume #17",9,17,0.573,521.9,505.0,,,58.1,53.0,-20.2,-12.5,14,216.7,15.5,21,9758,53.0,201.0,2.0,,,,,317.0,505.0,3593.0,22.0
131,94,205.3,74.3,111.3,18,Tre Tucker,WR,51,70,WR 70,WR 51,LV,13,,Depth,Depth,156.7,9.2,173.3,10.19,133.7,126.0,7.41,47.3,13.1,High,veteran,"Veteran model: 2025 form, prior-year trend and same team pass/run forecast; team pass volume #15, rush volume #32",15,32,0.606,,,97.7,,7.2,7.0,-19.3,-5.2,17,161.7,9.5,38,10213,7.0,37.0,,46.0,,582.0,3.0,,,,
141,106,206.2,65.2,100.2,18,Daniel Jones,QB,23,25,QB 25,QB 23,IND,13,,Depth,Depth,252.7,14.9,268.2,15.78,186.8,224.0,13.18,44.2,11.8,High,veteran,"Veteran model: 2025 form, prior-year trend and same team pass/run forecast; team pass volume #21, rush volume #13",21,13,0.554,479.4,469.0,,,69.7,47.0,-23.3,-9.7,13,234.4,18.0,17,5870,47.0,191.0,2.0,,,,,312.0,469.0,3286.0,19.0
177,165,207.5,30.5,42.5,18,David Njoku,TE,33,25,TE 25,TE 33,LAC,7,,Depth,Depth,86.6,5.1,115.2,6.78,76.3,58.0,3.41,57.2,11.3,Medium,veteran,"Veteran model: 2025 form, prior-year trend and new team pass/run forecast; team pass volume #14, rush volume #16",14,16,0.569,,,70.7,,0.0,,-44.3,-29.0,12,86.3,7.2,34,4033,,,,23.0,,230.0,2.0,,,,
172,188,208.2,36.2,20.2,18,Cam Ward,QB,26,26,QB 26,QB 26,TEN,9,,Depth,Depth,226.7,13.3,225.4,13.26,154.1,228.0,13.41,-2.6,11.6,Medium,veteran,"Veteran model: 2025 form, prior-year trend and same team pass/run forecast; team pass volume #18, rush volume #30",18,30,0.589,501.2,541.0,,,51.4,46.0,-40.6,-38.8,17,193.7,11.4,22,12522,46.0,182.0,2.0,,,,,341.0,541.0,3516.0,19.0
164,198,209.4,45.4,11.4,18,Terrance Ferguson,TE,31,26,TE 26,TE 31,LAR,11,,Depth,Depth,97.7,5.7,95.3,5.61,64.3,100.0,5.88,-4.7,11.5,Medium,veteran,"Veteran model: 2025 form, prior-year trend and same team pass/run forecast; team pass volume #7, rush volume #14",7,14,0.568,,,53.4,,1.1,,-37.5,-43.0,13,52.1,4.0,52,12487,,,,35.0,,413.0,4.0,,,,
190,208,209.8,19.8,1.8,18,Tre' Harris,WR,74,71,WR 71,WR 74,LAC,7,,Depth,Depth,113.0,6.6,113.1,6.65,77.7,113.0,6.65,0.1,11.7,Medium,veteran,"Veteran model: 2025 form, prior-year trend and same team pass/run forecast; team pass volume #14, rush volume #16",14,16,0.569,,,64.3,,2.9,1.0,-47.4,-46.1,17,69.4,4.1,91,12509,1.0,6.0,,39.0,,493.0,4.0,,,,
203,201,211.0,8.0,10.0,18,Braelon Allen,RB,65,59,RB 59,RB 65,NYJ,13,,Depth,Depth,60.3,3.5,85.4,5.02,39.9,52.0,3.06,33.4,7.9,Low,veteran,"Veteran model: 2025 form, prior-year trend and same team pass/run forecast; team pass volume #20, rush volume #28",20,28,0.583,,,21.5,,91.4,57.0,-54.5,-44.5,4,15.3,3.8,98,11576,57.0,233.0,2.0,10.0,,69.0,,,,,
208,173,211.9,3.9,38.9,18,Devin Neal,RB,59,60,RB 60,RB 59,NO,8,,Depth,Depth,77.2,4.5,122.3,7.2,69.7,32.0,1.88,90.3,9.7,Medium,veteran,"Veteran model: 2025 form, prior-year trend and same team pass/run forecast; team pass volume #8, rush volume #22",8,22,0.58,,,36.0,,114.4,39.0,-57.3,-33.6,9,60.0,6.7,64,12476,39.0,160.0,1.0,7.0,,49.0,,,,,
225,199,212.3,-12.7,13.3,18,Najee Harris,RB,70,61,RB 61,RB 70,NYG,8,,Depth,Depth,43.3,2.5,95.3,5.61,48.0,26.0,1.53,69.3,8.6,Low,veteran,"Veteran model: 2025 form, prior-year trend and new team pass/run forecast; team pass volume #19, rush volume #10",19,10,0.558,,,24.1,,110.7,30.0,-67.9,-43.4,3,11.6,3.9,103,7528,30.0,117.0,1.0,5.0,,36.0,,,,,
212,229,212.4,0.4,-16.6,18,Isaac TeSlaa,WR,87,72,WR 72,WR 87,DET,6,,Depth,Depth,92.7,5.5,98.3,5.78,65.8,87.0,5.12,11.3,11.4,Medium,veteran,"Veteran model: 2025 form, prior-year trend and same team pass/run forecast; team pass volume #10, rush volume #7",10,7,0.562,,,55.2,,1.3,2.0,-59.7,-54.9,17,75.9,4.5,82,12535,2.0,9.0,,28.0,,402.0,3.0,,,,
196,220,213.7,17.7,-6.3,18,Jaylin Noel,WR,75,73,WR 73,WR 75,HOU,8,Ques,Depth,Depth,110.3,6.5,106.7,6.27,73.2,114.0,6.71,-7.3,11.7,Medium,veteran,"Veteran model: 2025 form, prior-year trend and same team pass/run forecast; team pass volume #9, rush volume #17",9,17,0.573,,,59.7,,3.9,10.0,-49.2,-50.5,17,68.4,4.0,92,12536,10.0,50.0,,42.0,,489.0,3.0,,,,
116,113,215.2,99.2,102.2,18,Cade Otton,TE,21,27,TE 27,TE 21,TB,10,Ques,Depth,Depth,135.1,7.9,142.2,8.36,104.7,122.0,7.18,20.2,12.5,High,veteran,"Veteran model: 2025 form, prior-year trend and same team pass/run forecast; team pass volume #12, rush volume #11",12,11,0.562,,,80.3,,0.2,,-13.3,-12.3,16,122.2,7.6,22,8111,,,,53.0,,513.0,3.0,,,,
173,129,216.3,43.3,87.3,19,James Conner,RB,58,62,RB 62,RB 58,ARI,14,Ques,Depth,Depth,78.9,4.6,144.6,8.51,61.0,57.0,3.35,87.6,7.2,Low,veteran,"Veteran model: 2025 form, prior-year trend and same team pass/run forecast; team pass volume #3, rush volume #29",3,29,0.602,,,40.4,,148.8,53.0,-41.8,-15.5,4,33.3,8.3,79,4137,53.0,220.0,2.0,11.0,,82.0,1.0,,,,
215,212,217.5,2.5,5.5,19,Kaleb Johnson,RB,64,63,RB 63,RB 64,PIT,9,,Depth,Depth,60.7,3.6,89.4,5.26,46.3,32.0,1.88,57.4,8.8,Medium,veteran,"Veteran model: 2025 form, prior-year trend and same team pass/run forecast; team pass volume #24, rush volume #18",24,18,0.556,,,23.8,,94.3,42.0,-60.5,-47.5,10,8.8,0.9,112,12504,42.0,174.0,1.0,5.0,,36.0,,,,,
209,195,218.7,9.7,23.7,19,Antonio Williams,WR,91,74,WR 74,WR 91,WAS,7,,Depth,Depth,84.2,5.0,112.0,6.59,67.3,75.0,4.41,37.0,10.2,Low,rookie,"Rookie model: pick 71, age and destination-team environment; team pass volume #29, rush volume #8",29,8,0.542,,,0.0,,0.0,2.0,-58.6,-40.9,,,,,13301,2.0,13.0,,28.0,,339.0,2.0,,,,
160,155,219.1,59.1,64.1,19,Keenan Allen,WR,62,75,WR 75,WR 62,IND,13,,Depth,Depth,131.2,7.7,144.2,8.48,101.0,107.0,6.29,37.2,11.9,High,veteran,"Veteran model: 2025 form, prior-year trend and new team pass/run forecast; team pass volume #21, rush volume #13",21,13,0.554,,,90.0,,0.0,,-35.4,-25.1,17,182.7,10.7,29,1479,,,,44.0,,448.0,3.0,,,,
214,216,219.5,5.5,3.5,19,Marvin Mims,WR,85,76,WR 76,WR 85,DEN,10,Ques,Depth,Depth,97.6,5.7,112.4,6.61,80.4,70.0,4.12,42.4,12.2,High,veteran,"Veteran model: 2025 form, prior-year trend and same team pass/run forecast; team pass volume #6, rush volume #19",6,19,0.57,,,61.1,,10.4,6.0,-60.4,-48.6,16,93.0,5.8,66,9494,6.0,36.0,,27.0,,293.0,2.0,,,,
233,231,222.1,-10.9,-8.9,19,Kyle Williams,WR,96,77,WR 77,WR 96,NE,11,,Depth,Depth,62.6,3.7,94.2,5.54,63.0,31.0,1.82,63.2,11.4,Medium,veteran,"Veteran model: 2025 form, prior-year trend and same team pass/run forecast; team pass volume #27, rush volume #12",27,12,0.551,,,53.0,,2.2,1.0,-79.9,-57.6,17,49.2,2.9,112,12547,1.0,4.0,,10.0,,148.0,1.0,,,,
184,187,223.2,39.2,36.2,19,Malachi Fields,WR,86,78,WR 78,WR 86,NYG,8,,Depth,Depth,95.9,5.6,110.6,6.51,60.2,91.0,5.35,19.6,9.2,Low,rookie,"Rookie model: pick 74, age and destination-team environment; team pass volume #19, rush volume #10",19,10,0.558,,,0.0,,0.0,1.0,-46.5,-37.6,,,,,13285,1.0,6.0,,32.0,,404.0,3.0,,,,
234,202,224.2,-9.8,22.2,19,J.J. McCarthy,QB,32,27,QB 27,QB 32,MIN,6,,Depth,Depth,111.1,6.5,202.1,11.89,112.9,20.0,1.18,182.1,9.5,Medium,veteran,"Veteran model: 2025 form, prior-year trend and same team pass/run forecast; team pass volume #26, rush volume #27",26,27,0.575,416.1,32.0,,,60.1,5.0,-97.9,-44.8,10,137.3,13.7,30,11565,5.0,21.0,1.0,,,,,20.0,32.0,213.0,1.0
166,179,224.3,58.3,45.3,19,Mason Taylor,TE,30,28,TE 28,TE 30,NYJ,13,,Depth,Depth,104.2,6.1,112.5,6.62,87.0,96.0,5.65,16.5,13.1,Medium,veteran,"Veteran model: 2025 form, prior-year trend and same team pass/run forecast; team pass volume #20, rush volume #28",20,28,0.583,,,72.1,,0.0,,-37.8,-35.8,13,88.9,6.8,32,12498,,,,40.0,,384.0,3.0,,,,
220,190,224.8,4.8,34.8,19,Kendre Miller,RB,67,64,RB 64,RB 67,NO,8,,Depth,Depth,55.3,3.3,104.6,6.15,53.4,6.0,0.35,98.6,8.7,Medium,veteran,"Veteran model: 2025 form, prior-year trend and same team pass/run forecast; team pass volume #8, rush volume #22",8,22,0.58,,,25.3,,119.6,5.0,-62.6,-39.1,7,33.3,4.8,79,9757,5.0,20.0,,2.0,,16.0,,,,,
161,148,225.1,64.1,77.1,19,Cooper Kupp,WR,69,79,WR 79,WR 69,SEA,11,,Depth,Depth,121.4,7.1,140.5,8.27,82.7,86.0,5.06,54.5,10.0,High,veteran,"Veteran model: 2025 form, prior-year trend and same team pass/run forecast; team pass volume #23, rush volume #21",23,21,0.557,,,79.0,,0.9,,-35.5,-23.3,16,117.3,7.3,53,4039,,,,32.0,,364.0,3.0,,,,
229,218,226.3,-2.7,8.3,19,Brashard Smith,RB,63,65,RB 65,RB 63,KC,5,,Depth,Depth,63.7,3.7,107.5,6.32,71.7,20.0,1.18,87.5,11.3,Medium,veteran,"Veteran model: 2025 form, prior-year trend and same team pass/run forecast; team pass volume #5, rush volume #25",5,25,0.589,,,37.2,,82.6,16.0,-75.7,-48.9,17,63.3,3.7,62,12455,16.0,67.0,1.0,4.0,,32.0,,,,,
171,146,227.9,56.9,81.9,19,Aaron Rodgers,QB,28,28,QB 28,QB 28,PIT,9,,Depth,Depth,221.9,13.1,246.1,14.48,154.6,177.0,10.41,69.1,10.7,High,veteran,"Veteran model: 2025 form, prior-year trend and same team pass/run forecast; team pass volume #24, rush volume #18",24,18,0.556,549.6,403.0,,,23.6,21.0,-40.5,-22.7,16,234.2,14.6,18,96,21.0,60.0,,,,,,261.0,403.0,2700.0,18.0
232,213,227.9,-4.1,14.9,19,Michael Penix,QB,30,29,QB 29,QB 30,ATL,11,Ques,Depth,Depth,155.4,9.1,202.8,11.93,123.0,108.0,6.35,94.8,10.3,Medium,veteran,"Veteran model: 2025 form, prior-year trend and same team pass/run forecast; team pass volume #17, rush volume #5",17,5,0.545,444.9,221.0,,,45.1,20.0,-79.2,-48.1,9,123.2,13.7,33,11559,20.0,67.0,1.0,,,,,137.0,221.0,1567.0,10.0
192,189,228.3,36.3,39.3,20,Pat Bryant,WR,78,80,WR 80,WR 78,DEN,10,,Depth,Depth,107.9,6.3,119.8,7.05,77.3,96.0,5.65,23.8,11.0,Medium,veteran,"Veteran model: 2025 form, prior-year trend and same team pass/run forecast; team pass volume #6, rush volume #19",6,19,0.57,,,70.9,,1.8,2.0,-47.8,-39.0,15,74.8,5.0,85,12492,2.0,9.0,,35.0,,425.0,3.0,,,,
195,196,228.7,33.7,32.7,20,Tory Horton,WR,82,81,WR 81,WR 82,SEA,11,Ques,Depth,Depth,102.7,6.0,113.4,6.67,70.3,92.0,5.41,21.4,10.5,Medium,veteran,"Veteran model: 2025 form, prior-year trend and same team pass/run forecast; team pass volume #23, rush volume #21",23,21,0.557,,,65.5,,0.9,1.0,-48.9,-41.2,8,65.1,8.1,96,12497,1.0,9.0,,31.0,,421.0,3.0,,,,
217,223,229.2,12.2,6.2,20,Elijah Sarratt,WR,94,82,WR 82,WR 94,BAL,13,,Depth,Depth,65.7,3.9,79.8,4.69,42.2,61.0,3.59,18.8,9.0,Low,rookie,"Rookie model: pick 115, age and destination-team environment; team pass volume #32, rush volume #1",32,1,0.497,,,0.0,,0.0,1.0,-61.5,-53.1,,,,,13268,1.0,4.0,,22.0,,270.0,2.0,,,,
199,184,229.4,30.4,45.4,20,Chimere Dike,WR,76,83,WR 83,WR 76,TEN,9,,Depth,Depth,108.5,6.4,128.1,7.53,91.5,89.0,5.24,39.1,12.1,Medium,veteran,"Veteran model: 2025 form, prior-year trend and same team pass/run forecast; team pass volume #18, rush volume #30",18,30,0.589,,,77.1,,5.3,6.0,-52.2,-37.0,17,126.1,7.4,50,12540,6.0,30.0,,38.0,,384.0,2.0,,,,
155,159,229.7,74.7,70.7,20,Bryce Young,QB,25,30,QB 30,QB 25,CAR,5,,Depth,Depth,243.1,14.3,246.9,14.52,177.9,236.0,13.88,10.9,12.3,High,veteran,"Veteran model: 2025 form, prior-year trend and same team pass/run forecast; team pass volume #22, rush volume #23",22,23,0.564,508.1,493.0,,,57.1,51.0,-31.2,-25.5,16,229.0,14.3,19,9228,51.0,245.0,3.0,,,,,311.0,493.0,3202.0,20.0
150,176,230.4,80.4,54.4,20,Greg Dulcich,TE,29,29,TE 29,TE 29,MIA,6,,Depth,Depth,106.9,6.3,102.8,6.05,63.7,111.0,6.53,-8.2,10.5,Medium,veteran,"Veteran model: 2025 form, prior-year trend and same team pass/run forecast; team pass volume #25, rush volume #24",25,24,0.561,,,56.8,,0.0,,-28.6,-34.7,10,62.8,6.3,43,8172,,,,47.0,,459.0,3.0,,,,
187,164,230.8,43.8,66.8,20,Germie Bernard,WR,77,84,WR 84,WR 77,PIT,9,,Depth,Depth,108.1,6.4,135.2,7.95,85.7,99.0,5.82,36.2,10.8,Low,rookie,"Rookie model: pick 47, age and destination-team environment; team pass volume #24, rush volume #18",24,18,0.556,,,0.0,,0.0,2.0,-46.8,-28.5,,,,,13274,2.0,10.0,,36.0,,439.0,3.0,,,,
146,122,232.2,86.2,110.2,20,Theo Johnson,TE,25,30,TE 30,TE 25,NYG,8,,Depth,Depth,118.2,7.0,140.4,8.26,106.5,77.0,4.53,63.4,12.9,High,veteran,"Veteran model: 2025 form, prior-year trend and same team pass/run forecast; team pass volume #19, rush volume #10",19,10,0.558,,,73.1,,0.0,,-26.6,-14.0,15,127.8,8.5,18,11597,,,,31.0,,340.0,2.0,,,,
202,192,232.5,30.5,40.5,20,Jaydon Blue,RB,62,66,RB 66,RB 62,DAL,14,Ques,Depth,Depth,68.1,4.0,101.5,5.97,50.2,57.0,3.35,44.5,8.4,Low,veteran,"Veteran model: 2025 form, prior-year trend and same team pass/run forecast; team pass volume #2, rush volume #20",2,20,0.586,,,21.4,,119.5,68.0,-54.1,-39.3,5,20.4,4.1,92,12457,68.0,289.0,2.0,9.0,,67.0,,,,,
191,207,232.7,41.7,25.7,20,Rashod Bateman,WR,81,85,WR 85,WR 81,BAL,13,,Depth,Depth,103.5,6.1,104.3,6.14,63.0,102.0,6.0,2.3,10.3,High,veteran,"Veteran model: 2025 form, prior-year trend and same team pass/run forecast; team pass volume #32, rush volume #1",32,1,0.497,,,57.1,,0.9,,-47.4,-45.9,13,55.4,4.3,103,7571,,,,36.0,,483.0,3.0,,,,
226,233,233.3,7.3,0.3,20,Ray Davis,RB,56,67,RB 67,RB 56,BUF,7,,Depth,Depth,82.1,4.8,91.4,5.37,65.2,65.0,3.82,26.4,12.1,High,veteran,"Veteran model: 2025 form, prior-year trend and same team pass/run forecast; team pass volume #28, rush volume #3",28,3,0.52,,,23.3,,81.7,73.0,-68.0,-63.8,17,64.1,3.8,61,11575,73.0,313.0,3.0,9.0,,68.0,,,,,
156,214,234.3,78.3,20.3,20,Gunnar Helm,TE,27,31,TE 31,TE 27,TEN,9,,Depth,Depth,114.2,6.7,98.4,5.79,78.5,130.0,7.65,-31.6,13.6,Medium,veteran,"Veteran model: 2025 form, prior-year trend and same team pass/run forecast; team pass volume #18, rush volume #30",18,30,0.589,,,60.2,,0.0,,-31.2,-48.4,16,91.7,5.7,31,12502,,,,57.0,,553.0,3.0,,,,
170,151,234.8,64.8,83.8,20,Keon Coleman,WR,68,86,WR 86,WR 68,BUF,7,Ques,Depth,Depth,125.3,7.4,146.4,8.61,103.1,86.0,5.06,60.4,12.0,High,veteran,"Veteran model: 2025 form, prior-year trend and same team pass/run forecast; team pass volume #28, rush volume #3",28,3,0.52,,,80.6,,1.8,3.0,-39.9,-23.8,13,102.4,7.9,60,11637,3.0,13.0,,29.0,,375.0,3.0,,,,
178,205,235.5,57.5,30.5,20,Ryan Flournoy,WR,71,87,WR 87,WR 71,DAL,14,,Depth,Depth,114.7,6.7,111.3,6.55,73.9,121.0,7.12,-9.7,11.3,High,veteran,"Veteran model: 2025 form, prior-year trend and same team pass/run forecast; team pass volume #2, rush volume #20",2,20,0.586,,,61.7,,3.5,2.0,-44.6,-45.7,15,114.0,7.6,57,11783,2.0,13.0,,47.0,,549.0,3.0,,,,
218,197,236.1,18.1,39.1,20,Shedeur Sanders,QB,31,31,QB 31,QB 31,CLE,11,,Depth,Depth,140.1,8.2,183.2,10.78,77.9,97.0,5.71,86.2,7.2,Medium,veteran,"Veteran model: 2025 form, prior-year trend and same team pass/run forecast; team pass volume #4, rush volume #26",4,26,0.596,426.8,226.0,,,58.8,26.0,-61.9,-41.9,8,95.0,11.9,37,12524,26.0,88.0,2.0,,,,,142.0,226.0,1433.0,7.0
228,226,236.5,8.5,10.5,20,Tua Tagovailoa,QB,29,32,QB 32,QB 29,ATL,11,,Depth,Depth,180.3,10.6,203.1,11.95,137.2,138.0,8.12,65.1,11.5,High,veteran,"Veteran model: 2025 form, prior-year trend and new team pass/run forecast; team pass volume #17, rush volume #5",17,5,0.545,486.9,308.0,,,29.4,20.0,-71.6,-53.5,14,175.6,12.5,25,6768,20.0,43.0,,,,,,209.0,308.0,2141.0,14.0
227,139,237.4,10.4,98.4,20,Audric Estime,RB,68,68,RB 68,RB 68,NO,8,Ques,Depth,Depth,54.1,3.2,147.5,8.67,85.1,23.0,1.35,124.5,9.8,Low,veteran,"Veteran model: 2025 form, prior-year trend and same team pass/run forecast; team pass volume #8, rush volume #22",8,22,0.58,,,40.0,,148.6,30.0,-71.2,-19.4,7,48.1,6.9,71,11579,30.0,119.0,1.0,3.0,,17.0,,,,,
200,217,237.7,37.7,20.7,20,Adonai Mitchell,WR,79,88,WR 88,WR 79,NYJ,13,,Depth,Depth,105.2,6.2,109.2,6.42,74.9,98.0,5.76,11.2,11.7,High,veteran,"Veteran model: 2025 form, prior-year trend and same team pass/run forecast; team pass volume #20, rush volume #28",20,28,0.583,,,68.0,,2.4,1.0,-52.7,-48.8,16,87.9,5.5,73,11625,1.0,10.0,,35.0,,443.0,3.0,,,,
169,157,237.9,68.9,80.9,20,Kayshon Boutte,WR,65,89,WR 89,WR 65,NE,11,,Depth,Depth,127.5,7.5,145.0,8.53,103.9,95.0,5.59,50.0,12.2,High,veteran,"Veteran model: 2025 form, prior-year trend and same team pass/run forecast; team pass volume #27, rush volume #12",27,12,0.551,,,77.9,,1.0,,-39.0,-25.2,14,124.1,8.9,51,9504,,,,31.0,,456.0,3.0,,,,
201,206,238.2,37.2,32.2,20,Jack Bech,WR,88,90,WR 90,WR 88,LV,13,,Depth,Depth,90.2,5.3,102.4,6.02,60.2,78.0,4.59,24.4,10.0,Medium,veteran,"Veteran model: 2025 form, prior-year trend and same team pass/run forecast; team pass volume #15, rush volume #32",15,32,0.606,,,62.4,,1.8,1.0,-53.9,-45.7,16,42.4,2.7,120,12483,1.0,9.0,,30.0,,350.0,2.0,,,,
180,172,239.6,59.6,67.6,20,Eli Stowers,TE,32,32,TE 32,TE 32,PHI,10,,Depth,Depth,88.5,5.2,111.2,6.54,78.1,81.0,4.76,30.2,11.9,Low,rookie,"Rookie model: pick 54, age and destination-team environment; team pass volume #31, rush volume #2",31,2,0.515,,,0.0,,0.0,2.0,-45.3,-33.4,,,,,13349,2.0,5.0,,31.0,,319.0,3.0,,,,
188,193,239.6,51.6,46.6,20,Ted Hurst,WR,83,91,WR 91,WR 83,TB,10,,Depth,Depth,101.7,6.0,113.0,6.65,66.2,98.0,5.76,15.0,10.0,Low,rookie,"Rookie model: pick 84, age and destination-team environment; team pass volume #12, rush volume #11",12,11,0.562,,,0.0,,0.0,2.0,-47.1,-39.5,,,,,13317,2.0,13.0,,36.0,,426.0,3.0,,,,
162,174,239.8,77.8,65.8,20,Devaughn Vele,WR,72,92,WR 92,WR 72,NO,8,,Depth,Depth,113.3,6.7,115.5,6.8,60.5,111.0,6.53,4.5,8.9,Medium,veteran,"Veteran model: 2025 form, prior-year trend and same team pass/run forecast; team pass volume #8, rush volume #22",8,22,0.58,,,66.3,,0.8,1.0,-35.9,-33.8,13,66.3,5.1,95,11834,1.0,10.0,,42.0,,496.0,3.0,,,,
133,153,239.9,106.9,86.9,20,Pat Freiermuth,TE,24,33,TE 33,TE 24,PIT,9,,Depth,Depth,127.2,7.5,126.8,7.46,96.4,128.0,7.53,-1.2,12.9,High,veteran,"Veteran model: 2025 form, prior-year trend and same team pass/run forecast; team pass volume #24, rush volume #18",24,18,0.556,,,69.8,,0.3,,-19.7,-24.4,17,113.6,6.7,25,7600,,,,51.0,,534.0,4.0,,,,
224,227,240.6,16.6,13.6,21,Kaytron Allen,RB,69,69,RB 69,RB 69,WAS,7,,Depth,Depth,54.1,3.2,78.4,4.61,40.9,46.0,2.71,32.4,8.9,Low,rookie,"Rookie model: pick 187, age and destination-team environment; team pass volume #29, rush volume #8",29,8,0.542,,,0.0,,0.0,53.0,-64.7,-53.8,,,,,13405,53.0,220.0,2.0,8.0,,59.0,,,,,
235,235,240.6,5.6,5.6,21,Jarquez Hunter,RB,72,70,RB 70,RB 72,LAR,11,,Depth,Depth,10.0,0.6,10.0,0.59,10.0,10.0,0.59,0.0,17.0,Low,unmodeled,"No reliable NFLverse player match; Sleeper only; team pass volume #7, rush volume #14",7,14,0.568,,,0.0,,0.0,15.0,-167.6,-171.1,,,,,11569,15.0,63.0,,2.0,,13.0,,,,,
206,178,240.9,34.9,62.9,21,Chris Bell,WR,92,93,WR 93,WR 92,MIA,6,Ques,Depth,Depth,79.1,4.7,115.5,6.79,63.2,67.0,3.94,48.5,9.3,Low,rookie,"Rookie model: pick 94, age and destination-team environment; team pass volume #25, rush volume #24",25,24,0.561,,,0.0,,0.0,1.0,-56.2,-35.3,,,,,13311,1.0,3.0,,25.0,,299.0,2.0,,,,
175,160,241.3,66.3,81.3,21,Kimani Vidal,RB,47,71,RB 71,RB 47,LAC,7,,Depth,Depth,112.1,6.6,140.2,8.25,91.2,60.0,3.53,80.2,11.1,High,veteran,"Veteran model: 2025 form, prior-year trend and same team pass/run forecast; team pass volume #14, rush volume #16",14,16,0.569,,,32.3,,157.4,60.0,-42.8,-26.7,13,117.9,9.1,42,11647,60.0,243.0,2.0,14.0,,97.0,,,,,
183,209,241.4,58.4,32.4,21,Jake Tonges,TE,34,34,TE 34,TE 34,SF,8,,Depth,Depth,76.9,4.5,82.7,4.87,50.2,71.0,4.18,11.7,10.3,Medium,veteran,"Veteran model: 2025 form, prior-year trend and same team pass/run forecast; team pass volume #16, rush volume #9",16,9,0.551,,,51.2,,0.7,,-46.2,-46.2,16,93.3,5.8,30,8698,,,,30.0,,288.0,2.0,,,,
210,162,241.5,31.5,79.5,21,Elic Ayomanor,WR,84,94,WR 94,WR 84,TEN,9,,Depth,Depth,98.7,5.8,140.4,8.26,99.5,57.0,3.35,83.4,12.0,Medium,veteran,"Veteran model: 2025 form, prior-year trend and same team pass/run forecast; team pass volume #18, rush volume #30",18,30,0.589,,,87.7,,1.3,,-58.7,-28.0,16,116.5,7.3,55,12499,,,,20.0,,247.0,2.0,,,,
221,222,241.7,20.7,19.7,21,Christian Kirk,WR,95,95,WR 95,WR 95,SF,8,Ques,Depth,Depth,63.7,3.7,81.3,4.78,43.4,46.0,2.71,35.3,9.1,Medium,veteran,"Veteran model: 2025 form, prior-year trend and new team pass/run forecast; team pass volume #16, rush volume #9",16,9,0.551,,,51.9,,0.5,1.0,-63.2,-52.9,13,57.9,4.5,101,4950,1.0,9.0,,19.0,,205.0,1.0,,,,
179,133,241.8,62.8,108.8,21,Troy Franklin,WR,67,96,WR 96,WR 67,DEN,10,,Depth,Depth,126.0,7.4,158.3,9.31,127.2,66.0,3.88,92.3,13.7,High,veteran,"Veteran model: 2025 form, prior-year trend and same team pass/run forecast; team pass volume #6, rush volume #19",6,19,0.57,,,90.9,,3.9,2.0,-45.0,-17.6,17,177.1,10.4,31,11627,2.0,14.0,,24.0,,287.0,2.0,,,,
230,132,241.8,11.8,109.8,21,Ty Simpson,QB,33,33,QB 33,QB 33,LAR,11,,Depth,Depth,69.3,4.1,235.2,13.83,85.8,14.0,0.82,221.2,6.2,Low,rookie,"Rookie model: pick 13, age and destination-team environment; team pass volume #7, rush volume #14",7,14,0.568,0.0,32.0,,,0.0,5.0,-79.1,-17.1,,,,,13275,5.0,19.0,,,,,,20.0,32.0,218.0,1.0
222,204,242.0,20.0,38.0,21,Demond Claiborne,RB,71,72,RB 72,RB 71,MIN,6,,Depth,Depth,39.2,2.3,82.0,4.82,37.5,25.0,1.47,57.0,7.8,Low,rookie,"Rookie model: pick 198, age and destination-team environment; team pass volume #26, rush volume #27",26,27,0.575,,,0.0,,0.0,29.0,-63.5,-45.5,,,,,13347,29.0,138.0,1.0,4.0,,30.0,,,,,
