player_id,player,position,team,bye,injury,adp,sleeper_points,sleeper_ppg_17,independent_points,independent_ppg,independent_expected_points,projected_games,projection_gap,decision_points,decision_ppg_17,independent_weight,confidence,model_source,reason,team_pass_rank,team_rush_rank,team_pass_rate,own_pass_attempts,sleeper_pass_attempts,own_targets,sleeper_targets,own_carries,sleeper_carries,latest_history_season,latest_history_games,latest_history_ppg,targets_pg,receptions_pg,rec_yards_pg,rec_tds_pg,carries_pg,rush_yards_pg,rush_tds_pg,component_ppg,pass_attempts_pg,completions_pg,pass_yards_pg,pass_tds_pg,interceptions_pg
9221,Jahmyr Gibbs,RB,DET,6,,1.1,331.0,19.47,312.1,18.36,290.8,15.8,-18.9,318.7,18.75,0.65,High,veteran,"Veteran model: 2025 form, prior-year trend and same team pass/run forecast; team pass volume #10, rush volume #7",10,7,0.562,,,86.4,,267.3,255.0,2025.0,17.0,21.58,5.08,3.979,31.795,0.165,15.726,69.987,0.559,18.502,,,,,
9509,Bijan Robinson,RB,ATL,11,,2.6,325.0,19.12,335.4,19.73,316.5,16.0,10.4,331.7,19.51,0.65,High,veteran,"Veteran model: 2025 form, prior-year trend and same team pass/run forecast; team pass volume #17, rush volume #5",17,5,0.545,,,94.7,,302.2,280.0,2025.0,17.0,21.81,5.573,4.338,34.515,0.161,17.775,75.79,0.564,19.718,,,,,
7564,Ja'Marr Chase,WR,CIN,6,,3.8,311.0,18.29,327.5,19.26,292.8,15.2,16.5,321.7,18.92,0.65,High,veteran,"Veteran model: 2025 form, prior-year trend and same team pass/run forecast; team pass volume #1, rush volume #31",1,31,0.625,,,179.9,,3.9,3.0,2025.0,16.0,19.6,10.585,7.054,87.47,0.554,0.23,1.269,0.013,19.326,,,,,
9493,Puka Nacua,WR,LAR,11,Ques,4.4,313.0,18.41,341.2,20.07,326.1,16.2,28.2,331.3,19.49,0.65,High,veteran,"Veteran model: 2025 form, prior-year trend and same team pass/run forecast; team pass volume #7, rush volume #14",7,14,0.568,,,177.5,,10.7,10.0,2025.0,16.0,23.44,10.441,7.296,90.91,0.539,0.627,3.223,0.023,20.083,,,,,
4034,Christian McCaffrey,RB,SF,8,Ques,5.5,291.0,17.12,326.0,19.17,264.3,13.8,35.0,313.7,18.45,0.65,High,veteran,"Veteran model: 2025 form, prior-year trend and same team pass/run forecast; team pass volume #16, rush volume #9",16,9,0.551,,,102.3,,261.7,240.0,2025.0,17.0,24.51,6.016,4.651,36.754,0.196,15.394,64.911,0.529,19.169,,,,,
9488,Jaxon Smith-Njigba,WR,SEA,11,,6.1,285.0,16.76,335.5,19.73,320.7,16.2,50.5,317.8,18.69,0.65,High,veteran,"Veteran model: 2025 form, prior-year trend and same team pass/run forecast; team pass volume #23, rush volume #21",23,21,0.557,,,180.0,,5.0,6.0,2025.0,17.0,21.17,10.586,7.098,92.28,0.548,0.297,1.588,0.014,19.854,,,,,
6813,Jonathan Taylor,RB,IND,13,,6.1,272.0,16.0,280.3,16.49,239.2,14.5,8.3,277.4,16.32,0.65,High,veteran,"Veteran model: 2025 form, prior-year trend and same team pass/run forecast; team pass volume #21, rush volume #13",21,13,0.554,,,54.8,,316.5,287.0,2025.0,17.0,21.31,3.221,2.546,19.053,0.092,18.616,79.102,0.63,16.692,,,,,
7547,Amon-Ra St. Brown,WR,DET,6,,8.4,281.0,16.53,296.5,17.44,279.1,16.0,15.5,291.1,17.12,0.65,High,veteran,"Veteran model: 2025 form, prior-year trend and same team pass/run forecast; team pass volume #10, rush volume #7",10,7,0.562,,,159.8,,3.1,3.0,2025.0,17.0,19.06,9.401,6.399,79.196,0.505,0.18,1.036,0.012,17.519,,,,,
6786,CeeDee Lamb,WR,DAL,14,,9.5,271.0,15.94,247.2,14.54,182.4,12.5,-23.8,255.6,15.03,0.65,High,veteran,"Veteran model: 2025 form, prior-year trend and same team pass/run forecast; team pass volume #2, rush volume #20",2,20,0.586,,,135.3,,4.4,3.0,2025.0,13.0,15.45,7.96,5.028,66.992,0.422,0.26,1.425,0.012,14.473,,,,,
8138,James Cook,RB,BUF,7,,10.5,261.0,15.35,244.7,14.39,214.1,14.9,-16.3,250.4,14.73,0.65,High,veteran,"Veteran model: 2025 form, prior-year trend and same team pass/run forecast; team pass volume #28, rush volume #3",28,3,0.52,,,47.8,,271.6,264.0,2025.0,17.0,17.78,2.813,2.254,17.516,0.093,15.977,68.932,0.541,14.706,,,,,
6794,Justin Jefferson,WR,MIN,6,,11.2,250.0,14.71,238.1,14.01,183.8,13.1,-11.9,242.3,14.25,0.65,High,veteran,"Veteran model: 2025 form, prior-year trend and same team pass/run forecast; team pass volume #26, rush volume #27",26,27,0.575,,,134.1,,2.3,1.0,2025.0,17.0,11.85,7.888,5.199,64.278,0.383,0.135,0.806,0.009,14.061,,,,,
9226,De'Von Achane,RB,MIA,6,,12.0,257.0,15.12,281.8,16.57,259.8,15.7,24.8,273.1,16.06,0.65,High,veteran,"Veteran model: 2025 form, prior-year trend and same team pass/run forecast; team pass volume #25, rush volume #24",25,24,0.561,,,81.8,,245.7,239.0,2025.0,16.0,20.18,4.814,3.781,29.444,0.141,14.452,62.649,0.461,16.601,,,,,
4866,Saquon Barkley,RB,PHI,10,,13.7,247.0,14.53,249.8,14.69,191.7,13.0,2.8,248.8,14.64,0.65,High,veteran,"Veteran model: 2025 form, prior-year trend and same team pass/run forecast; team pass volume #31, rush volume #2",31,2,0.515,,,53.1,,279.7,271.0,2025.0,16.0,14.52,3.121,2.424,18.785,0.083,16.453,67.914,0.536,14.808,,,,,
12527,Ashton Jeanty,RB,LV,13,,13.8,260.0,15.29,247.8,14.58,199.8,13.7,-12.2,253.9,14.93,0.5,Medium,veteran,"Veteran model: 2025 form, prior-year trend and same team pass/run forecast; team pass volume #15, rush volume #32",15,32,0.606,,,69.2,,243.1,281.0,2025.0,17.0,14.42,4.069,3.085,24.051,0.098,14.302,58.195,0.429,14.471,,,,,
12507,Omarion Hampton,RB,LAC,7,,15.5,243.0,14.29,225.5,13.27,157.8,11.9,-17.5,234.3,13.78,0.5,Medium,veteran,"Veteran model: 2025 form, prior-year trend and same team pass/run forecast; team pass volume #14, rush volume #16",14,16,0.569,,,59.0,,220.8,232.0,2025.0,9.0,15.08,3.469,2.663,21.091,0.097,12.989,54.55,0.404,13.232,,,,,
8112,Drake London,WR,ATL,11,,16.1,250.0,14.71,266.0,15.65,210.7,13.5,16.0,260.4,15.32,0.65,High,veteran,"Veteran model: 2025 form, prior-year trend and same team pass/run forecast; team pass volume #17, rush volume #5",17,5,0.545,,,148.3,,1.2,1.0,2025.0,12.0,16.82,8.725,5.45,73.068,0.464,0.071,0.447,0.008,15.63,,,,,
9224,Chase Brown,RB,CIN,6,,17.5,255.0,15.0,231.2,13.6,190.4,14.0,-23.8,239.5,14.09,0.65,High,veteran,"Veteran model: 2025 form, prior-year trend and same team pass/run forecast; team pass volume #1, rush volume #31",1,31,0.625,,,67.2,,199.8,220.0,2025.0,17.0,16.62,3.955,3.087,22.822,0.129,11.755,51.026,0.396,13.623,,,,,
5859,A.J. Brown,WR,NE,11,,18.3,247.0,14.53,225.0,13.24,185.6,14.0,-22.0,232.7,13.69,0.65,High,veteran,"Veteran model: 2025 form, prior-year trend and new team pass/run forecast; team pass volume #27, rush volume #12",27,12,0.551,,,126.4,,0.5,1.0,2025.0,15.0,14.69,7.434,4.876,61.713,0.374,0.027,0.189,0.005,13.337,,,,,
8151,Kenneth Walker,RB,KC,5,,19.9,244.0,14.35,191.6,11.27,153.8,13.6,-52.4,209.9,12.35,0.65,High,veteran,"Veteran model: 2025 form, prior-year trend and new team pass/run forecast; team pass volume #5, rush volume #25",5,25,0.589,,,45.3,,208.5,259.0,2025.0,17.0,11.29,2.667,2.062,15.35,0.07,12.267,50.803,0.379,11.377,,,,,
8130,Trey McBride,TE,ARI,14,,20.1,235.0,13.82,238.6,14.04,228.1,16.2,3.6,237.3,13.96,0.65,High,veteran,"Veteran model: 2025 form, prior-year trend and same team pass/run forecast; team pass volume #3, rush volume #29",3,29,0.602,,,141.5,,0.0,,2025.0,17.0,18.58,8.325,5.767,62.783,0.412,0.0,0.0,0.001,14.526,,,,,
3198,Derrick Henry,RB,BAL,13,,20.3,247.0,14.53,210.5,12.38,157.9,12.8,-36.5,223.3,13.13,0.65,High,veteran,"Veteran model: 2025 form, prior-year trend and same team pass/run forecast; team pass volume #32, rush volume #1",32,1,0.497,,,26.6,,268.1,281.0,2025.0,17.0,16.44,1.563,1.25,8.979,0.051,15.771,66.221,0.577,12.54,,,,,
11604,Brock Bowers,TE,LV,13,,22.1,254.0,14.94,216.4,12.73,205.7,16.2,-37.6,229.6,13.51,0.65,High,veteran,"Veteran model: 2025 form, prior-year trend and same team pass/run forecast; team pass volume #15, rush volume #32",15,32,0.606,,,121.9,,1.4,4.0,2025.0,12.0,14.68,7.169,4.947,53.502,0.344,0.085,0.468,0.012,12.476,,,,,
8137,George Pickens,WR,DAL,14,,23.3,246.0,14.47,261.3,15.37,224.8,14.6,15.3,255.9,15.06,0.65,High,veteran,"Veteran model: 2025 form, prior-year trend and same team pass/run forecast; team pass volume #2, rush volume #20",2,20,0.586,,,142.3,,1.7,1.0,2025.0,17.0,17.17,8.369,5.351,71.268,0.464,0.099,0.53,0.007,15.355,,,,,
4984,Josh Allen,QB,BUF,7,,24.5,362.0,21.29,325.1,19.13,280.6,14.7,-36.9,338.0,19.89,0.65,High,veteran,"Veteran model: 2025 form, prior-year trend and same team pass/run forecast; team pass volume #28, rush volume #3",28,3,0.52,489.1,474.0,,,108.9,110.0,2025.0,16.0,22.79,,,,,6.408,29.199,0.464,19.422,28.77,19.195,218.147,1.526,0.558
7569,Nico Collins,WR,HOU,8,,25.7,262.0,15.41,229.1,13.47,185.5,13.8,-32.9,240.6,14.15,0.65,High,veteran,"Veteran model: 2025 form, prior-year trend and same team pass/run forecast; team pass volume #9, rush volume #17",9,17,0.573,,,121.9,,2.3,3.0,2025.0,15.0,15.08,7.169,4.68,63.378,0.381,0.138,1.009,0.011,13.47,,,,,
13287,Jeremiyah Love,RB,ARI,14,Ques,26.8,212.0,12.47,284.8,16.75,284.8,17.0,72.8,230.2,13.54,0.25,Low,rookie,"Rookie model: pick 3, age and destination-team environment; team pass volume #3, rush volume #29",3,29,0.602,,,0.0,,0.0,205.0,,,,,,,,,,,,,,,,
10229,Rashee Rice,WR,KC,5,,27.0,229.0,13.47,229.9,13.53,156.3,11.6,0.9,229.5,13.5,0.5,Medium,veteran,"Veteran model: 2025 form, prior-year trend and same team pass/run forecast; team pass volume #5, rush volume #25",5,25,0.589,,,127.5,,8.0,6.0,2025.0,8.0,18.76,7.498,4.93,60.912,0.352,0.469,2.458,0.018,13.487,,,,,
11632,Malik Nabers,WR,NYG,8,Ques,27.8,227.0,13.35,222.0,13.06,136.4,10.4,-5.0,225.8,13.28,0.25,Low,veteran,"Veteran model: 2025 form, prior-year trend and same team pass/run forecast; team pass volume #19, rush volume #10",19,10,0.558,,,125.1,,2.0,3.0,2025.0,4.0,14.28,7.361,4.199,61.154,0.401,0.118,0.716,0.009,12.847,,,,,
8150,Kyren Williams,RB,LAR,11,,29.2,208.0,12.24,224.2,13.19,180.9,13.7,16.2,218.5,12.85,0.65,High,veteran,"Veteran model: 2025 form, prior-year trend and same team pass/run forecast; team pass volume #7, rush volume #14",7,14,0.568,,,47.0,,240.2,228.0,2025.0,17.0,15.49,2.767,2.178,16.338,0.091,14.131,60.644,0.485,13.336,,,,,
8144,Chris Olave,WR,NO,8,,30.3,236.0,13.88,256.8,15.1,217.0,14.4,20.8,249.5,14.68,0.65,High,veteran,"Veteran model: 2025 form, prior-year trend and same team pass/run forecast; team pass volume #8, rush volume #22",8,22,0.58,,,146.4,,2.8,1.0,2025.0,16.0,16.75,8.61,5.401,72.829,0.378,0.165,1.031,0.007,15.095,,,,,
5850,Josh Jacobs,RB,GB,11,Ques,31.4,203.0,11.94,228.4,13.43,166.3,12.4,25.4,219.5,12.91,0.65,High,veteran,"Veteran model: 2025 form, prior-year trend and same team pass/run forecast; team pass volume #30, rush volume #4",30,4,0.525,,,49.4,,249.6,217.0,2025.0,15.0,15.81,2.908,2.272,17.923,0.084,14.68,61.561,0.479,13.604,,,,,
8155,Breece Hall,RB,NYJ,13,Ques,32.5,211.0,12.41,232.5,13.68,195.4,14.3,21.5,225.0,13.23,0.65,High,veteran,"Veteran model: 2025 form, prior-year trend and same team pass/run forecast; team pass volume #20, rush volume #28",20,28,0.583,,,57.8,,208.9,220.0,2025.0,16.0,12.98,3.399,2.706,20.911,0.095,12.29,54.852,0.428,13.416,,,,,
4881,Lamar Jackson,QB,BAL,13,,33.5,326.0,19.18,283.5,16.68,201.0,12.1,-42.5,298.4,17.55,0.65,High,veteran,"Veteran model: 2025 form, prior-year trend and same team pass/run forecast; team pass volume #32, rush volume #1",32,1,0.497,460.4,415.0,,,86.5,119.0,2025.0,13.0,16.53,,,,,5.088,25.479,0.244,16.646,27.085,17.984,204.82,1.388,0.557
6801,Tee Higgins,WR,CIN,6,,34.2,224.0,13.18,216.3,12.72,152.7,12.0,-7.7,219.0,12.88,0.65,High,veteran,"Veteran model: 2025 form, prior-year trend and same team pass/run forecast; team pass volume #1, rush volume #31",1,31,0.625,,,120.7,,1.1,1.0,2025.0,15.0,14.11,7.098,4.419,57.045,0.412,0.062,0.354,0.005,12.657,,,,,
12526,Tetairoa McMillan,WR,CAR,5,,34.8,223.0,13.12,210.6,12.39,175.5,14.2,-12.4,216.8,12.75,0.5,Medium,veteran,"Veteran model: 2025 form, prior-year trend and same team pass/run forecast; team pass volume #22, rush volume #23",22,23,0.564,,,125.0,,1.6,1.0,2025.0,17.0,12.55,7.351,4.415,58.997,0.344,0.097,0.587,0.005,12.463,,,,,
7588,Javonte Williams,RB,DAL,14,,36.2,207.0,12.18,224.4,13.2,179.8,13.6,17.4,218.3,12.84,0.65,High,veteran,"Veteran model: 2025 form, prior-year trend and same team pass/run forecast; team pass volume #2, rush volume #20",2,20,0.586,,,53.8,,233.1,239.0,2025.0,16.0,15.18,3.163,2.466,18.798,0.097,13.713,56.57,0.453,13.3,,,,,
7525,DeVonta Smith,WR,PHI,10,Ques,37.5,229.0,13.47,224.8,13.23,173.7,13.1,-4.2,226.3,13.31,0.65,High,veteran,"Veteran model: 2025 form, prior-year trend and same team pass/run forecast; team pass volume #31, rush volume #2",31,2,0.515,,,122.7,,1.3,1.0,2025.0,17.0,11.87,7.215,4.804,62.059,0.375,0.076,0.483,0.006,13.343,,,,,
11635,Ladd McConkey,WR,LAC,7,,38.6,228.0,13.41,209.4,12.32,159.1,12.9,-18.6,215.9,12.7,0.65,High,veteran,"Veteran model: 2025 form, prior-year trend and same team pass/run forecast; team pass volume #14, rush volume #16",14,16,0.569,,,115.4,,1.5,2.0,2025.0,16.0,11.31,6.79,4.347,56.396,0.367,0.088,0.51,0.006,12.277,,,,,
11584,Bucky Irving,RB,TB,10,,39.3,197.0,11.59,204.4,12.03,141.3,11.7,7.4,200.7,11.81,0.5,Medium,veteran,"Veteran model: 2025 form, prior-year trend and same team pass/run forecast; team pass volume #12, rush volume #11",12,11,0.562,,,54.0,,199.5,211.0,2025.0,10.0,13.85,3.179,2.482,19.212,0.098,11.735,50.099,0.344,12.062,,,,,
12514,Emeka Egbuka,WR,TB,10,Ques,40.5,224.0,13.18,198.9,11.7,166.6,14.2,-25.1,211.4,12.44,0.5,Medium,veteran,"Veteran model: 2025 form, prior-year trend and same team pass/run forecast; team pass volume #12, rush volume #11",12,11,0.562,,,115.2,,2.9,3.0,2025.0,17.0,11.51,6.778,4.038,54.82,0.332,0.173,1.078,0.008,11.669,,,,,
9997,Zay Flowers,WR,BAL,13,,41.1,228.0,13.41,237.8,13.99,218.4,15.6,9.8,234.4,13.79,0.65,High,veteran,"Veteran model: 2025 form, prior-year trend and same team pass/run forecast; team pass volume #32, rush volume #1",32,1,0.497,,,125.7,,7.5,5.0,2025.0,17.0,14.31,7.394,5.007,64.243,0.376,0.443,2.367,0.019,14.037,,,,,
12517,Colston Loveland,TE,CHI,10,,41.3,215.0,12.65,167.1,9.83,154.2,15.7,-47.9,191.1,11.24,0.5,Medium,veteran,"Veteran model: 2025 form, prior-year trend and same team pass/run forecast; team pass volume #13, rush volume #6",13,6,0.555,,,92.8,,0.6,1.0,2025.0,16.0,10.32,5.459,3.747,44.875,0.269,0.035,0.145,0.003,9.885,,,,,
12481,Cam Skattebo,RB,NYG,8,,43.7,201.0,11.82,200.8,11.81,128.2,10.9,-0.2,200.9,11.82,0.5,Medium,veteran,"Veteran model: 2025 form, prior-year trend and same team pass/run forecast; team pass volume #19, rush volume #10",19,10,0.558,,,55.0,,183.2,214.0,2025.0,8.0,15.96,3.233,2.49,19.568,0.089,10.778,47.869,0.34,11.809,,,,,
7543,Travis Etienne,RB,NO,8,,44.7,208.0,12.24,211.2,12.42,171.0,13.8,3.2,210.1,12.36,0.65,High,veteran,"Veteran model: 2025 form, prior-year trend and new team pass/run forecast; team pass volume #8, rush volume #22",8,22,0.58,,,54.8,,219.5,226.0,2025.0,17.0,14.94,3.224,2.481,18.807,0.086,12.911,52.456,0.378,12.389,,,,,
8146,Garrett Wilson,WR,NYJ,13,,45.8,225.0,13.24,203.5,11.97,124.3,10.4,-21.5,214.3,12.6,0.5,Medium,veteran,"Veteran model: 2025 form, prior-year trend and same team pass/run forecast; team pass volume #20, rush volume #28",20,28,0.583,,,120.1,,1.3,3.0,2025.0,7.0,14.21,7.067,4.159,54.42,0.358,0.074,0.415,0.006,11.826,,,,,
12518,Tyler Warren,TE,IND,13,Ques,46.0,201.0,11.82,159.9,9.4,152.8,16.2,-41.1,180.4,10.61,0.5,Medium,veteran,"Veteran model: 2025 form, prior-year trend and same team pass/run forecast; team pass volume #21, rush volume #13",21,13,0.554,,,93.6,,5.0,5.0,2025.0,17.0,11.09,5.507,3.84,39.596,0.295,0.293,1.545,0.026,9.882,,,,,
7526,Jaylen Waddle,WR,DEN,10,,47.7,221.0,13.0,186.0,10.94,163.0,14.9,-35.0,198.2,11.66,0.65,High,veteran,"Veteran model: 2025 form, prior-year trend and new team pass/run forecast; team pass volume #6, rush volume #19",6,19,0.57,,,106.9,,2.9,3.0,2025.0,16.0,12.13,6.29,3.981,50.936,0.299,0.168,1.087,0.008,11.029,,,,,
11564,Drake Maye,QB,NE,11,,48.1,321.0,18.88,323.5,19.03,283.1,14.9,2.5,322.7,18.98,0.65,High,veteran,"Veteran model: 2025 form, prior-year trend and same team pass/run forecast; team pass volume #27, rush volume #12",27,12,0.551,546.5,505.0,,,90.2,85.0,2025.0,17.0,20.7,,,,,5.306,27.681,0.277,19.394,32.148,21.18,244.627,1.613,0.635
2133,Davante Adams,WR,LAR,11,,48.2,193.0,11.35,209.8,12.34,137.3,11.1,16.8,204.0,12.0,0.65,High,veteran,"Veteran model: 2025 form, prior-year trend and same team pass/run forecast; team pass volume #7, rush volume #14",7,14,0.568,,,121.3,,0.0,,2025.0,14.0,15.92,7.132,4.324,54.559,0.414,0.0,0.0,0.004,12.283,,,,,
12519,Luther Burden,WR,CHI,10,Ques,50.1,209.0,12.29,150.3,8.84,116.1,13.1,-58.7,179.6,10.57,0.5,Medium,veteran,"Veteran model: 2025 form, prior-year trend and same team pass/run forecast; team pass volume #13, rush volume #6",13,6,0.555,,,84.8,,4.8,10.0,2025.0,15.0,8.53,4.986,3.181,40.84,0.225,0.284,1.61,0.01,8.839,,,,,
5892,David Montgomery,RB,HOU,8,,51.4,206.0,12.12,139.3,8.19,110.0,13.4,-66.7,162.6,9.57,0.65,High,veteran,"Veteran model: 2025 form, prior-year trend and new team pass/run forecast; team pass volume #9, rush volume #17",9,17,0.573,,,30.2,,131.6,236.0,2025.0,17.0,9.82,1.778,1.357,10.319,0.051,7.742,36.209,0.304,8.14,,,,,
12529,TreVeyon Henderson,RB,NE,11,,52.2,171.0,10.06,204.0,12.0,163.3,13.6,33.0,187.5,11.03,0.5,Medium,veteran,"Veteran model: 2025 form, prior-year trend and same team pass/run forecast; team pass volume #27, rush volume #12",27,12,0.551,,,50.5,,203.7,170.0,2025.0,17.0,12.13,2.973,2.296,18.348,0.084,11.984,51.02,0.394,12.101,,,,,
12512,Quinshon Judkins,RB,CLE,11,Ques,53.2,196.0,11.53,204.0,12.0,154.2,12.9,8.0,200.0,11.77,0.5,Medium,veteran,"Veteran model: 2025 form, prior-year trend and same team pass/run forecast; team pass volume #4, rush volume #26",4,26,0.596,,,45.1,,222.9,244.0,2025.0,14.0,12.13,2.654,2.033,14.758,0.064,13.113,53.589,0.425,11.804,,,,,
6770,Joe Burrow,QB,CIN,6,,54.0,306.0,18.0,274.2,16.13,199.5,12.4,-31.8,290.1,17.06,0.5,Medium,veteran,"Veteran model: 2025 form, prior-year trend and same team pass/run forecast; team pass volume #1, rush volume #31",1,31,0.625,578.2,549.0,,,35.1,46.0,2025.0,8.0,16.81,,,,,2.068,7.482,0.074,16.198,34.014,22.194,248.204,1.624,0.708
6790,D'Andre Swift,RB,CHI,10,,55.1,208.0,12.24,219.1,12.89,168.3,13.1,11.1,215.2,12.66,0.65,High,veteran,"Veteran model: 2025 form, prior-year trend and same team pass/run forecast; team pass volume #13, rush volume #6",13,6,0.555,,,49.4,,232.6,217.0,2025.0,16.0,14.29,2.907,2.269,17.002,0.083,13.681,57.304,0.444,12.863,,,,,
5927,Terry McLaurin,WR,WAS,7,,55.9,214.0,12.59,172.2,10.13,105.1,10.4,-41.8,193.1,11.36,0.5,Medium,veteran,"Veteran model: 2025 form, prior-year trend and same team pass/run forecast; team pass volume #29, rush volume #8",29,8,0.542,,,96.4,,0.4,1.0,2025.0,10.0,11.42,5.671,3.659,46.979,0.289,0.022,0.196,0.005,10.141,,,,,
8148,Jameson Williams,WR,DET,6,,57.3,206.0,12.12,223.5,13.15,190.4,14.5,17.5,217.4,12.79,0.65,High,veteran,"Veteran model: 2025 form, prior-year trend and same team pass/run forecast; team pass volume #10, rush volume #7",10,7,0.562,,,116.9,,5.5,8.0,2025.0,17.0,12.94,6.877,4.403,61.128,0.39,0.324,1.766,0.013,13.112,,,,,
4983,DJ Moore,WR,BUF,7,,58.5,179.0,10.53,137.5,8.09,121.1,15.0,-41.5,152.1,8.94,0.65,High,veteran,"Veteran model: 2025 form, prior-year trend and new team pass/run forecast; team pass volume #28, rush volume #3",28,3,0.52,,,82.7,,8.4,5.0,2025.0,17.0,10.13,4.867,2.911,35.955,0.187,0.494,2.643,0.02,8.012,,,,,
2216,Mike Evans,WR,SF,8,Ques,59.5,222.0,13.06,154.7,9.1,88.1,9.7,-67.3,188.3,11.08,0.5,Medium,veteran,"Veteran model: 2025 form, prior-year trend and new team pass/run forecast; team pass volume #16, rush volume #9",16,9,0.551,,,91.9,,0.0,,2025.0,8.0,10.6,5.405,3.242,42.363,0.268,0.0,0.031,0.003,9.113,,,,,
10859,Sam LaPorta,TE,DET,6,Ques,60.1,197.0,11.59,162.6,9.56,129.6,13.6,-34.4,179.8,10.58,0.5,Medium,veteran,"Veteran model: 2025 form, prior-year trend and same team pass/run forecast; team pass volume #10, rush volume #7",10,7,0.562,,,91.2,,0.5,1.0,2025.0,9.0,11.88,5.366,3.801,43.366,0.293,0.029,0.091,0.003,9.919,,,,,
12490,Bhayshul Tuten,RB,JAX,7,,61.1,175.0,10.29,124.6,7.33,80.6,11.0,-50.4,149.8,8.81,0.5,Medium,veteran,"Veteran model: 2025 form, prior-year trend and same team pass/run forecast; team pass volume #11, rush volume #15",11,15,0.567,,,31.2,,124.7,184.0,2025.0,15.0,5.91,1.835,1.4,11.088,0.051,7.332,31.677,0.237,7.405,,,,,
11566,Jayden Daniels,QB,WAS,7,,62.5,309.0,18.18,287.0,16.88,183.4,10.9,-22.0,298.0,17.53,0.5,Medium,veteran,"Veteran model: 2025 form, prior-year trend and same team pass/run forecast; team pass volume #29, rush volume #8",29,8,0.542,452.0,479.0,,,117.6,126.0,2025.0,7.0,16.33,,,,,6.919,36.595,0.35,17.26,26.588,17.216,190.785,1.251,0.567
6904,Jalen Hurts,QB,PHI,10,,62.9,311.0,18.29,301.6,17.74,233.1,13.1,-9.4,304.9,17.93,0.65,High,veteran,"Veteran model: 2025 form, prior-year trend and same team pass/run forecast; team pass volume #31, rush volume #2",31,2,0.515,473.2,462.0,,,103.0,120.0,2025.0,16.0,18.82,,,,,6.056,30.291,0.373,17.965,27.838,18.346,206.078,1.392,0.556
13279,Carnell Tate,WR,TEN,9,Ques,64.0,177.0,10.41,196.4,11.55,196.4,17.0,19.4,181.8,10.7,0.25,Low,rookie,"Rookie model: pick 4, age and destination-team environment; team pass volume #18, rush volume #30",18,30,0.589,,,0.0,,0.0,2.0,,,,,,,,,,,,,,,,
9484,Tucker Kraft,TE,GB,11,Ques,65.6,174.0,10.24,180.1,10.59,145.0,13.7,6.1,177.0,10.41,0.5,Medium,veteran,"Veteran model: 2025 form, prior-year trend and same team pass/run forecast; team pass volume #30, rush volume #4",30,4,0.525,,,93.8,,2.2,,2025.0,8.0,14.65,5.519,3.94,47.432,0.337,0.128,0.726,0.012,10.847,,,,,
11620,Rome Odunze,WR,CHI,10,,66.1,208.0,12.24,193.6,11.39,144.6,12.7,-14.4,198.7,11.69,0.65,High,veteran,"Veteran model: 2025 form, prior-year trend and same team pass/run forecast; team pass volume #13, rush volume #6",13,6,0.555,,,111.3,,1.6,1.0,2025.0,12.0,12.17,6.548,3.8,53.455,0.351,0.097,0.567,0.007,11.348,,,,,
12506,Harold Fannin,TE,CLE,11,,67.1,180.0,10.59,148.4,8.73,115.1,13.2,-31.6,164.2,9.66,0.5,Medium,veteran,"Veteran model: 2025 form, prior-year trend and same team pass/run forecast; team pass volume #4, rush volume #26",4,26,0.596,,,95.3,,2.3,6.0,2025.0,16.0,11.65,5.607,3.801,38.188,0.248,0.137,0.599,0.009,9.219,,,,,
7553,Kyle Pitts,TE,ATL,11,,68.2,172.0,10.12,211.6,12.45,185.0,14.9,39.6,197.7,11.63,0.65,High,veteran,"Veteran model: 2025 form, prior-year trend and same team pass/run forecast; team pass volume #17, rush volume #5",17,5,0.545,,,109.6,,0.0,,2025.0,17.0,12.4,6.446,4.44,53.072,0.312,0.0,0.0,0.0,11.62,,,,,
8167,Christian Watson,WR,GB,11,,69.1,208.0,12.24,180.0,10.59,131.1,12.4,-28.0,194.0,11.41,0.5,Medium,veteran,"Veteran model: 2025 form, prior-year trend and same team pass/run forecast; team pass volume #30, rush volume #4",30,4,0.525,,,97.5,,2.4,2.0,2025.0,10.0,13.24,5.733,3.529,50.034,0.31,0.142,0.878,0.007,10.524,,,,,
13286,Jadarian Price,RB,SEA,11,,69.7,170.0,10.0,221.7,13.04,151.2,11.6,51.7,182.9,10.76,0.25,Low,rookie,"Rookie model: pick 32, age and destination-team environment; team pass volume #23, rush volume #21",23,21,0.557,,,0.0,,0.0,212.0,,,,,,,,,,,,,,,,
11560,Caleb Williams,QB,CHI,10,,71.9,299.0,17.59,319.6,18.8,290.2,15.4,20.6,312.4,18.38,0.65,High,veteran,"Veteran model: 2025 form, prior-year trend and same team pass/run forecast; team pass volume #13, rush volume #6",13,6,0.555,551.5,514.0,,,88.3,75.0,2025.0,17.0,18.75,,,,,5.194,29.02,0.24,19.114,32.443,21.186,237.127,1.6,0.556
11631,Brian Thomas,WR,JAX,7,,72.4,195.0,11.47,197.8,11.63,159.1,13.7,2.8,196.8,11.58,0.65,High,veteran,"Veteran model: 2025 form, prior-year trend and same team pass/run forecast; team pass volume #11, rush volume #15",11,15,0.567,,,104.9,,4.8,3.0,2025.0,14.0,9.91,6.168,4.005,54.451,0.324,0.281,1.706,0.015,11.655,,,,,
8228,Jaylen Warren,RB,PIT,9,,73.6,171.0,10.06,181.1,10.65,135.2,12.7,10.1,177.6,10.45,0.65,High,veteran,"Veteran model: 2025 form, prior-year trend and same team pass/run forecast; team pass volume #24, rush volume #18",24,18,0.556,,,47.9,,182.4,172.0,2025.0,16.0,13.57,2.815,2.213,17.014,0.081,10.731,44.158,0.304,10.642,,,,,
5846,DK Metcalf,WR,PIT,9,Ques,74.3,183.0,10.76,175.4,10.32,136.1,13.2,-7.6,178.1,10.47,0.65,High,veteran,"Veteran model: 2025 form, prior-year trend and same team pass/run forecast; team pass volume #24, rush volume #18",24,18,0.556,,,96.5,,1.8,2.0,2025.0,15.0,12.48,5.678,3.649,48.087,0.296,0.107,0.836,0.009,10.372,,,,,
11628,Marvin Harrison,WR,ARI,14,,75.7,186.0,10.94,191.1,11.24,135.1,12.0,5.1,189.3,11.13,0.65,High,veteran,"Veteran model: 2025 form, prior-year trend and same team pass/run forecast; team pass volume #3, rush volume #29",3,29,0.602,,,107.4,,1.4,,2025.0,12.0,10.65,6.316,3.75,52.915,0.344,0.081,0.505,0.006,11.192,,,,,
7594,Chuba Hubbard,RB,CAR,5,Ques,76.1,148.0,8.71,155.9,9.17,102.5,11.2,7.9,153.1,9.01,0.65,High,veteran,"Veteran model: 2025 form, prior-year trend and same team pass/run forecast; team pass volume #22, rush volume #23",22,23,0.564,,,43.5,,149.4,181.0,2025.0,15.0,8.36,2.557,1.989,14.499,0.064,8.789,37.237,0.247,9.028,,,,,
9487,Parker Washington,WR,JAX,7,Ques,76.7,212.0,12.47,170.1,10.0,133.4,13.3,-41.9,184.7,10.87,0.65,High,veteran,"Veteran model: 2025 form, prior-year trend and same team pass/run forecast; team pass volume #11, rush volume #15",11,15,0.567,,,94.8,,3.6,10.0,2025.0,16.0,11.54,5.578,3.57,46.079,0.277,0.211,1.128,0.009,10.002,,,,,
13281,Jordyn Tyson,WR,NO,8,Doub,78.6,111.0,6.53,175.7,10.34,153.8,14.9,64.7,127.2,7.48,0.25,Low,rookie,"Rookie model: pick 8, age and destination-team environment; team pass volume #8, rush volume #22",8,22,0.58,,,0.0,,0.0,1.0,,,,,,,,,,,,,,,,
12489,RJ Harvey,RB,DEN,10,,79.9,144.0,8.47,189.2,11.13,141.7,12.7,45.2,166.6,9.8,0.5,Medium,veteran,"Veteran model: 2025 form, prior-year trend and same team pass/run forecast; team pass volume #6, rush volume #19",6,19,0.57,,,56.8,,150.7,124.0,2025.0,17.0,12.15,3.342,2.561,20.013,0.109,8.863,38.993,0.324,11.055,,,,,
5045,Courtland Sutton,WR,DEN,10,,80.9,174.0,10.24,203.9,11.99,147.4,12.3,29.9,193.4,11.38,0.65,High,veteran,"Veteran model: 2025 form, prior-year trend and same team pass/run forecast; team pass volume #6, rush volume #19",6,19,0.57,,,115.3,,0.2,,2025.0,17.0,12.92,6.783,4.368,53.396,0.372,0.011,0.102,0.004,11.972,,,,,
3294,Dak Prescott,QB,DAL,14,,81.7,304.0,17.88,268.8,15.81,198.7,12.6,-35.2,281.1,16.54,0.65,High,veteran,"Veteran model: 2025 form, prior-year trend and same team pass/run forecast; team pass volume #2, rush volume #20",2,20,0.586,556.2,580.0,,,44.4,44.0,2025.0,17.0,18.46,,,,,2.611,9.928,0.119,16.158,32.718,21.555,240.384,1.558,0.698
10232,Michael Wilson,WR,ARI,14,,82.3,166.0,9.76,185.5,10.91,143.7,13.2,19.5,178.7,10.51,0.65,High,veteran,"Veteran model: 2025 form, prior-year trend and same team pass/run forecast; team pass volume #3, rush volume #29",3,29,0.602,,,107.5,,1.3,1.0,2025.0,17.0,12.98,6.325,3.89,50.082,0.321,0.075,0.376,0.004,10.886,,,,,
6797,Justin Herbert,QB,LAC,7,,83.4,295.0,17.35,289.6,17.04,212.5,12.5,-5.4,291.5,17.15,0.65,High,veteran,"Veteran model: 2025 form, prior-year trend and same team pass/run forecast; team pass volume #14, rush volume #16",14,16,0.569,541.4,533.0,,,78.5,70.0,2025.0,16.0,17.93,,,,,4.618,23.859,0.193,17.337,31.85,20.6,230.623,1.481,0.678
12508,Jaxson Dart,QB,NYG,8,,83.5,297.0,17.47,263.5,15.5,190.7,12.3,-33.5,280.2,16.49,0.5,Medium,veteran,"Veteran model: 2025 form, prior-year trend and same team pass/run forecast; team pass volume #19, rush volume #10",19,10,0.558,455.8,495.0,,,98.9,106.0,2025.0,14.0,17.26,,,,,5.818,28.405,0.395,16.051,26.811,16.791,189.537,1.13,0.631
7611,Rhamondre Stevenson,RB,NE,11,,85.1,169.0,9.94,167.1,9.83,111.1,11.3,-1.9,167.7,9.87,0.65,High,veteran,"Veteran model: 2025 form, prior-year trend and same team pass/run forecast; team pass volume #27, rush volume #12",27,12,0.551,,,44.9,,158.3,183.0,2025.0,14.0,12.77,2.642,2.041,15.847,0.078,9.312,40.916,0.293,9.941,,,,,
13294,Makai Lemon,WR,PHI,10,Ques,86.0,169.0,9.94,145.4,8.55,106.6,12.5,-23.6,163.1,9.59,0.25,Low,rookie,"Rookie model: pick 20, age and destination-team environment; team pass volume #31, rush volume #2",31,2,0.515,,,0.0,,0.0,2.0,,,,,,,,,,,,,,,,
5967,Tony Pollard,RB,TEN,9,,87.6,160.0,9.41,172.8,10.16,122.3,12.0,12.8,168.3,9.9,0.65,High,veteran,"Veteran model: 2025 form, prior-year trend and same team pass/run forecast; team pass volume #18, rush volume #30",18,30,0.589,,,38.5,,208.0,189.0,2025.0,17.0,10.93,2.265,1.758,12.149,0.047,12.234,48.467,0.339,10.134,,,,,
7021,Rico Dowdle,RB,PIT,9,,88.5,161.0,9.47,166.8,9.81,130.3,13.3,5.8,164.8,9.69,0.65,High,veteran,"Veteran model: 2025 form, prior-year trend and new team pass/run forecast; team pass volume #24, rush volume #18",24,18,0.556,,,38.3,,185.3,159.0,2025.0,17.0,12.72,2.255,1.763,12.873,0.059,10.897,45.087,0.331,9.898,,,,,
10236,Dalton Kincaid,TE,BUF,7,,90.0,164.0,9.65,169.8,9.99,135.7,13.6,5.8,167.8,9.87,0.65,High,veteran,"Veteran model: 2025 form, prior-year trend and same team pass/run forecast; team pass volume #28, rush volume #3",28,3,0.52,,,82.5,,0.7,,2025.0,12.0,10.51,4.854,3.452,44.023,0.286,0.043,0.161,0.003,9.605,,,,,
4217,George Kittle,TE,SF,8,PUP,90.3,169.0,9.94,163.5,9.62,121.0,12.6,-5.5,166.2,9.78,0.5,Medium,veteran,"Veteran model: 2025 form, prior-year trend and same team pass/run forecast; team pass volume #16, rush volume #9",16,9,0.551,,,96.8,,0.9,,2025.0,11.0,14.68,5.693,4.013,42.401,0.335,0.052,0.287,0.006,10.327,,,,,
6806,J.K. Dobbins,RB,DEN,10,,92.6,160.0,9.41,184.8,10.87,120.0,11.0,24.8,172.4,10.14,0.5,Medium,veteran,"Veteran model: 2025 form, prior-year trend and same team pass/run forecast; team pass volume #6, rush volume #19",6,19,0.57,,,32.4,,234.2,171.0,2025.0,10.0,11.59,1.904,1.494,10.932,0.048,13.779,55.26,0.417,10.905,,,,,
1466,Travis Kelce,TE,KC,5,,93.6,171.0,10.06,169.5,9.97,121.6,12.2,-1.5,170.0,10.0,0.65,High,veteran,"Veteran model: 2025 form, prior-year trend and same team pass/run forecast; team pass volume #5, rush volume #25",5,25,0.589,,,97.0,,0.8,,2025.0,17.0,11.36,5.703,3.961,43.328,0.3,0.046,0.247,0.007,10.163,,,,,
4037,Chris Godwin,WR,TB,10,,95.8,174.0,10.24,158.0,9.29,71.8,7.7,-16.0,166.0,9.76,0.5,Medium,veteran,"Veteran model: 2025 form, prior-year trend and same team pass/run forecast; team pass volume #12, rush volume #11",12,11,0.562,,,88.0,,1.0,1.0,2025.0,9.0,9.22,5.176,3.486,41.224,0.267,0.062,0.393,0.005,9.28,,,,,
12534,Kyle Monangai,RB,CHI,10,Ques,96.0,155.0,9.12,153.0,9.0,112.8,12.5,-2.0,154.0,9.06,0.5,Medium,veteran,"Veteran model: 2025 form, prior-year trend and same team pass/run forecast; team pass volume #13, rush volume #6",13,6,0.555,,,34.9,,160.3,166.0,2025.0,17.0,8.63,2.055,1.591,11.93,0.058,9.428,40.59,0.311,9.058,,,,,
8142,Alec Pierce,WR,IND,13,PUP,97.2,178.0,10.47,184.8,10.87,143.9,13.2,6.8,182.4,10.73,0.65,High,veteran,"Veteran model: 2025 form, prior-year trend and same team pass/run forecast; team pass volume #21, rush volume #13",21,13,0.554,,,102.7,,0.7,1.0,2025.0,15.0,12.22,6.041,3.68,52.411,0.318,0.039,0.286,0.004,10.883,,,,,
7523,Trevor Lawrence,QB,JAX,7,,97.5,303.0,17.82,285.9,16.82,231.8,13.8,-17.1,291.9,17.17,0.65,High,veteran,"Veteran model: 2025 form, prior-year trend and same team pass/run forecast; team pass volume #11, rush volume #15",11,15,0.567,525.1,522.0,,,73.4,79.0,2025.0,17.0,19.89,,,,,4.317,18.216,0.29,17.079,30.886,20.188,225.819,1.449,0.657
421,Matthew Stafford,QB,LAR,11,,99.6,280.0,16.47,299.7,17.63,265.8,15.1,19.7,292.8,17.22,0.65,High,veteran,"Veteran model: 2025 form, prior-year trend and same team pass/run forecast; team pass volume #7, rush volume #14",7,14,0.568,636.2,528.0,,,20.0,27.0,2025.0,17.0,20.61,,,,,1.176,1.176,0.029,17.795,37.421,24.967,283.296,1.913,0.739
8110,Jake Ferguson,TE,DAL,14,,100.8,160.0,9.41,141.9,8.35,126.2,15.1,-18.1,148.2,8.72,0.65,High,veteran,"Veteran model: 2025 form, prior-year trend and same team pass/run forecast; team pass volume #2, rush volume #20",2,20,0.586,,,91.5,,0.8,,2025.0,17.0,11.06,5.38,3.774,34.677,0.271,0.048,0.217,0.006,8.923,,,,,
6819,Michael Pittman,WR,PIT,9,Ques,102.1,171.0,10.06,169.3,9.96,137.2,13.8,-1.7,169.9,9.99,0.65,High,veteran,"Veteran model: 2025 form, prior-year trend and new team pass/run forecast; team pass volume #24, rush volume #18",24,18,0.556,,,100.0,,0.5,1.0,2025.0,17.0,11.91,5.884,3.749,45.107,0.289,0.031,0.181,0.003,10.03,,,,,
11586,Blake Corum,RB,LAR,11,,103.5,135.0,7.94,130.9,7.7,95.1,12.4,-4.1,132.3,7.78,0.65,High,veteran,"Veteran model: 2025 form, prior-year trend and same team pass/run forecast; team pass volume #7, rush volume #14",7,14,0.568,,,26.0,,146.8,172.0,2025.0,17.0,7.19,1.531,1.192,8.901,0.053,8.636,36.103,0.29,7.753,,,,,
9756,Jordan Addison,WR,MIN,6,,104.5,172.0,10.12,196.6,11.56,167.2,14.5,24.6,188.0,11.06,0.65,High,veteran,"Veteran model: 2025 form, prior-year trend and same team pass/run forecast; team pass volume #26, rush volume #27",26,27,0.575,,,103.9,,4.8,4.0,2025.0,14.0,9.65,6.113,4.107,53.752,0.306,0.283,1.925,0.015,11.6,,,,,
5947,Jakobi Meyers,WR,JAX,7,,104.6,169.0,9.94,180.1,10.59,124.6,11.8,11.1,176.2,10.37,0.65,High,veteran,"Veteran model: 2025 form, prior-year trend and same team pass/run forecast; team pass volume #11, rush volume #15",11,15,0.567,,,101.3,,2.8,4.0,2025.0,16.0,10.99,5.957,4.018,47.212,0.295,0.164,0.868,0.008,10.641,,,,,
4046,Patrick Mahomes,QB,KC,5,Ques,107.2,287.0,16.88,302.1,17.77,218.8,12.3,15.1,296.8,17.46,0.65,High,veteran,"Veteran model: 2025 form, prior-year trend and same team pass/run forecast; team pass volume #5, rush volume #25",5,25,0.589,548.8,555.0,,,77.2,47.0,2025.0,14.0,20.41,,,,,4.544,23.099,0.27,18.063,32.284,20.906,233.573,1.53,0.664
9754,Quentin Johnston,WR,LAC,7,Ques,108.9,164.0,9.65,207.2,12.19,159.7,13.1,43.2,192.1,11.3,0.65,High,veteran,"Veteran model: 2025 form, prior-year trend and same team pass/run forecast; team pass volume #14, rush volume #16",14,16,0.569,,,114.2,,3.0,2.0,2025.0,13.0,13.17,6.717,4.159,55.971,0.365,0.174,1.015,0.008,12.098,,,,,
9500,Josh Downs,WR,IND,13,,109.6,172.0,10.12,164.7,9.69,121.1,12.5,-7.3,167.2,9.84,0.65,High,veteran,"Veteran model: 2025 form, prior-year trend and same team pass/run forecast; team pass volume #21, rush volume #13",21,13,0.554,,,91.5,,2.3,2.0,2025.0,16.0,8.65,5.38,3.58,43.403,0.279,0.136,0.841,0.008,9.727,,,,,
8126,Wan'Dale Robinson,WR,TEN,9,,110.8,171.0,10.06,212.1,12.48,188.3,15.1,41.1,197.7,11.63,0.65,High,veteran,"Veteran model: 2025 form, prior-year trend and new team pass/run forecast; team pass volume #18, rush volume #30",18,30,0.589,,,125.2,,2.6,3.0,2025.0,16.0,13.62,7.363,4.74,57.659,0.327,0.153,0.832,0.007,12.593,,,,,
7567,Kenny Gainwell,RB,TB,10,,111.4,152.0,8.94,158.2,9.31,125.8,13.5,6.2,156.0,9.18,0.65,High,veteran,"Veteran model: 2025 form, prior-year trend and new team pass/run forecast; team pass volume #12, rush volume #11",12,11,0.562,,,57.5,,107.5,99.0,2025.0,17.0,13.02,3.382,2.607,19.716,0.108,6.325,28.458,0.189,9.204,,,,,
12533,Jacory Croskey-Merritt,RB,WAS,7,,111.9,128.0,7.53,142.5,8.38,102.5,12.2,14.5,135.2,7.95,0.5,Medium,veteran,"Veteran model: 2025 form, prior-year trend and same team pass/run forecast; team pass volume #29, rush volume #8",29,8,0.542,,,27.1,,165.5,141.0,2025.0,17.0,8.25,1.595,1.254,9.427,0.042,9.736,41.959,0.318,8.549,,,,,
8131,Isaiah Likely,TE,NYG,8,,113.7,157.0,9.24,95.4,5.61,70.5,12.6,-61.6,117.0,6.88,0.65,High,veteran,"Veteran model: 2025 form, prior-year trend and new team pass/run forecast; team pass volume #19, rush volume #10",19,10,0.558,,,53.8,,0.0,,2025.0,12.0,5.14,3.164,2.228,23.729,0.164,0.0,0.0,0.0,5.587,,,,,
10222,Jayden Reed,WR,GB,11,,114.5,198.0,11.65,156.2,9.19,100.7,11.0,-41.8,187.6,11.03,0.25,Low,veteran,"Veteran model: 2025 form, prior-year trend and same team pass/run forecast; team pass volume #30, rush volume #4",30,4,0.525,,,78.7,,9.1,14.0,2025.0,5.0,9.7,4.629,3.327,40.541,0.222,0.534,2.779,0.018,9.102,,,,,
2449,Stefon Diggs,WR,WAS,7,,115.9,157.0,9.24,165.6,9.74,118.3,12.1,8.6,162.6,9.56,0.65,High,veteran,"Veteran model: 2025 form, prior-year trend and new team pass/run forecast; team pass volume #29, rush volume #8",29,8,0.542,,,95.2,,0.8,1.0,2025.0,17.0,12.37,5.6,3.904,44.275,0.258,0.048,0.268,0.003,9.925,,,,,
11583,Jonathon Brooks,RB,CAR,5,,116.6,155.0,9.12,96.2,5.66,40.7,7.2,-58.8,140.3,8.25,0.25,Low,veteran,"Veteran model: 2024 form, prior-year trend and same team pass/run forecast; team pass volume #22, rush volume #23",22,23,0.564,,,28.6,,94.5,160.0,2024.0,3.0,2.5,1.681,1.267,9.839,0.032,5.558,22.94,0.119,5.453,,,,,
12493,Oronde Gadsden,TE,LAC,7,,117.9,142.0,8.35,147.1,8.65,111.5,12.9,5.1,144.5,8.5,0.5,Medium,veteran,"Veteran model: 2025 form, prior-year trend and same team pass/run forecast; team pass volume #14, rush volume #16",14,16,0.569,,,75.5,,0.2,,2025.0,15.0,8.76,4.44,3.034,37.218,0.219,0.009,0.0,0.0,8.075,,,,,
8408,Jordan Mason,RB,MIN,6,,118.7,154.0,9.06,120.5,7.09,78.0,11.0,-33.5,132.2,7.78,0.65,High,veteran,"Veteran model: 2025 form, prior-year trend and same team pass/run forecast; team pass volume #26, rush volume #27",26,27,0.575,,,20.3,,151.2,190.0,2025.0,16.0,8.06,1.197,0.925,6.105,0.024,8.896,37.04,0.281,7.067,,,,,
8183,Brock Purdy,QB,SF,8,,120.7,303.0,17.82,262.9,15.46,180.1,11.6,-40.1,282.9,16.64,0.5,Medium,veteran,"Veteran model: 2025 form, prior-year trend and same team pass/run forecast; team pass volume #16, rush volume #9",16,9,0.551,483.9,494.0,,,55.8,64.0,2025.0,9.0,19.71,,,,,3.282,13.343,0.215,15.459,28.465,18.765,214.592,1.384,0.641
11563,Bo Nix,QB,DEN,10,,121.1,296.0,17.41,304.3,17.9,257.7,14.4,8.3,301.4,17.73,0.65,High,veteran,"Veteran model: 2025 form, prior-year trend and same team pass/run forecast; team pass volume #6, rush volume #19",6,19,0.57,529.8,555.0,,,81.1,76.0,2025.0,17.0,17.93,,,,,4.768,24.885,0.275,18.13,31.165,20.307,228.165,1.528,0.624
4199,Aaron Jones,RB,MIN,6,,123.0,137.0,8.06,148.0,8.71,87.3,10.0,11.0,144.2,8.48,0.65,High,veteran,"Veteran model: 2025 form, prior-year trend and same team pass/run forecast; team pass volume #26, rush volume #27",26,27,0.575,,,41.7,,152.2,131.0,2025.0,12.0,9.89,2.452,1.907,13.766,0.064,8.955,35.652,0.238,8.662,,,,,
5022,Dallas Goedert,TE,PHI,10,,124.2,136.0,8.0,158.9,9.35,121.8,13.0,22.9,150.9,8.88,0.65,High,veteran,"Veteran model: 2025 form, prior-year trend and same team pass/run forecast; team pass volume #31, rush volume #2",31,2,0.515,,,86.8,,0.5,,2025.0,15.0,12.34,5.105,3.508,39.255,0.311,0.031,0.119,0.002,9.323,,,,,
13298,KC Concepcion,WR,CLE,11,,125.1,156.0,9.18,157.8,9.28,135.3,14.6,1.8,156.4,9.2,0.25,Low,rookie,"Rookie model: pick 24, age and destination-team environment; team pass volume #4, rush volume #26",4,26,0.596,,,0.0,,0.0,9.0,,,,,,,,,,,,,,,,
8136,Rachaad White,RB,WAS,7,Ques,128.2,128.0,7.53,143.6,8.45,111.7,13.2,15.6,138.1,8.13,0.65,High,veteran,"Veteran model: 2025 form, prior-year trend and new team pass/run forecast; team pass volume #29, rush volume #8",29,8,0.542,,,41.3,,132.1,114.0,2025.0,17.0,8.41,2.429,1.914,14.189,0.063,7.769,34.042,0.234,8.519,,,,,
5012,Mark Andrews,TE,BAL,13,,129.5,163.0,9.59,132.3,7.78,103.7,13.3,-30.7,143.0,8.41,0.65,High,veteran,"Veteran model: 2025 form, prior-year trend and same team pass/run forecast; team pass volume #32, rush volume #1",32,1,0.497,,,69.0,,6.5,6.0,2025.0,17.0,7.71,4.059,2.951,31.285,0.252,0.385,1.48,0.018,7.846,,,,,
12501,Matthew Golden,WR,GB,11,,130.8,170.0,10.0,133.3,7.84,97.6,12.5,-36.7,151.6,8.92,0.5,Medium,veteran,"Veteran model: 2025 form, prior-year trend and same team pass/run forecast; team pass volume #30, rush volume #4",30,4,0.525,,,71.8,,6.6,8.0,2025.0,14.0,5.0,4.224,2.739,36.628,0.19,0.388,2.144,0.013,7.836,,,,,
8121,Romeo Doubs,WR,NE,11,,131.3,161.0,9.47,162.4,9.55,132.4,13.9,1.4,161.9,9.52,0.65,High,veteran,"Veteran model: 2025 form, prior-year trend and new team pass/run forecast; team pass volume #27, rush volume #12",27,12,0.551,,,90.8,,0.8,,2025.0,16.0,10.34,5.342,3.45,44.508,0.275,0.047,0.303,0.004,9.604,,,,,
3214,Hunter Henry,TE,NE,11,,132.6,154.0,9.06,171.3,10.08,128.4,12.7,17.3,165.2,9.72,0.65,High,veteran,"Veteran model: 2025 form, prior-year trend and same team pass/run forecast; team pass volume #27, rush volume #12",27,12,0.551,,,88.0,,0.3,,2025.0,17.0,10.52,5.174,3.575,43.015,0.295,0.019,0.05,0.002,9.66,,,,,
3163,Jared Goff,QB,DET,6,,132.8,283.0,16.65,288.0,16.94,259.3,15.3,5.0,286.2,16.84,0.65,High,veteran,"Veteran model: 2025 form, prior-year trend and same team pass/run forecast; team pass volume #10, rush volume #7",10,7,0.562,584.7,533.0,,,28.8,29.0,2025.0,17.0,17.47,,,,,1.695,3.392,0.06,16.91,34.392,23.05,262.044,1.779,0.693
5872,Deebo Samuel,WR,SF,8,,137.6,156.0,9.18,161.5,9.5,134.6,14.2,5.5,159.5,9.38,0.65,High,veteran,"Veteran model: 2025 form, prior-year trend and new team pass/run forecast; team pass volume #16, rush volume #9",16,9,0.551,,,86.9,,15.1,17.0,2025.0,16.0,11.76,5.113,3.518,40.23,0.24,0.888,4.353,0.027,9.578,,,,,
8134,Khalil Shakir,WR,BUF,7,Ques,138.6,171.0,10.06,171.7,10.1,133.4,13.2,0.7,171.5,10.09,0.65,High,veteran,"Veteran model: 2025 form, prior-year trend and same team pass/run forecast; team pass volume #28, rush volume #3",28,3,0.52,,,93.9,,2.4,2.0,2025.0,16.0,10.4,5.524,3.815,44.937,0.288,0.138,0.878,0.009,10.178,,,,,
11624,Xavier Worthy,WR,KC,5,Ques,139.3,162.0,9.53,168.2,9.9,128.1,12.9,6.2,166.0,9.77,0.65,High,veteran,"Veteran model: 2025 form, prior-year trend and same team pass/run forecast; team pass volume #5, rush volume #25",5,25,0.589,,,90.1,,10.8,17.0,2025.0,14.0,7.85,5.301,3.444,44.203,0.257,0.636,3.218,0.02,9.853,,,,,
4892,Baker Mayfield,QB,TB,10,,139.7,275.0,16.18,282.2,16.6,215.8,13.0,7.2,279.7,16.45,0.65,High,veteran,"Veteran model: 2025 form, prior-year trend and same team pass/run forecast; team pass volume #12, rush volume #11",12,11,0.562,545.9,526.0,,,61.8,63.0,2025.0,17.0,16.0,,,,,3.633,17.436,0.118,16.568,32.113,20.848,232.492,1.535,0.66
9753,Zach Charbonnet,RB,SEA,11,PUP,141.7,67.0,3.94,177.5,10.44,130.4,12.5,110.5,138.8,8.17,0.65,High,veteran,"Veteran model: 2025 form, prior-year trend and same team pass/run forecast; team pass volume #23, rush volume #21",23,21,0.557,,,40.3,,189.5,65.0,2025.0,16.0,11.34,2.372,1.856,14.431,0.064,11.145,47.409,0.361,10.587,,,,,
11646,Jalen Coker,WR,CAR,5,,143.4,166.0,9.76,128.5,7.56,77.0,10.2,-37.5,147.3,8.66,0.5,Medium,veteran,"Veteran model: 2025 form, prior-year trend and same team pass/run forecast; team pass volume #22, rush volume #23",22,23,0.564,,,71.8,,1.1,1.0,2025.0,11.0,8.22,4.223,2.809,34.147,0.211,0.063,0.334,0.002,7.538,,,,,
10219,Chris Rodriguez,RB,JAX,7,,144.6,133.0,7.82,98.4,5.79,63.4,11.0,-34.6,110.5,6.5,0.65,High,veteran,"Veteran model: 2025 form, prior-year trend and new team pass/run forecast; team pass volume #11, rush volume #15",11,15,0.567,,,14.9,,131.9,171.0,2025.0,12.0,7.67,0.878,0.66,4.005,0.017,7.758,32.809,0.241,5.887,,,,,
13330,Kenyon Sadiq,TE,NYJ,13,Ques,145.6,100.0,5.88,129.5,7.62,129.5,17.0,29.5,107.4,6.32,0.25,Low,rookie,"Rookie model: pick 16, age and destination-team environment; team pass volume #20, rush volume #28",20,28,0.583,,,0.0,,0.0,2.0,,,,,,,,,,,,,,,,
8132,Tyler Allgeier,RB,ARI,14,,146.1,69.0,4.06,102.7,6.04,72.0,11.9,33.7,90.9,5.35,0.65,High,veteran,"Veteran model: 2025 form, prior-year trend and new team pass/run forecast; team pass volume #3, rush volume #29",3,29,0.602,,,19.9,,127.2,95.0,2025.0,17.0,7.24,1.173,0.891,5.727,0.03,7.482,31.033,0.227,6.105,,,,,
6804,Jordan Love,QB,GB,11,,146.6,279.0,16.41,257.4,15.14,200.9,13.3,-21.6,265.0,15.59,0.65,High,veteran,"Veteran model: 2025 form, prior-year trend and same team pass/run forecast; team pass volume #30, rush volume #4",30,4,0.525,506.3,501.0,,,46.0,51.0,2025.0,15.0,15.68,,,,,2.707,10.639,0.097,15.162,29.78,19.801,225.14,1.451,0.647
12484,Jayden Higgins,WR,HOU,8,IR,148.7,0.0,0.0,148.1,8.71,108.8,12.5,148.1,74.1,4.36,0.5,Medium,veteran,"Veteran model: 2025 form, prior-year trend and same team pass/run forecast; team pass volume #9, rush volume #17",9,17,0.573,,,85.9,,1.6,,2025.0,17.0,7.62,5.054,2.998,40.64,0.257,0.096,0.605,0.004,8.689,,,,,
8154,Brian Robinson,RB,ATL,11,,150.1,70.0,4.12,91.4,5.38,62.9,11.7,21.4,83.9,4.94,0.65,High,veteran,"Veteran model: 2025 form, prior-year trend and new team pass/run forecast; team pass volume #17, rush volume #5",17,5,0.545,,,19.5,,108.6,87.0,2025.0,17.0,3.68,1.148,0.879,5.995,0.018,6.388,27.362,0.195,5.495,,,,,
9480,Brenton Strange,TE,JAX,7,,151.4,161.0,9.47,141.1,8.3,104.9,12.6,-19.9,148.1,8.71,0.65,High,veteran,"Veteran model: 2025 form, prior-year trend and same team pass/run forecast; team pass volume #11, rush volume #15",11,15,0.567,,,78.5,,0.2,,2025.0,12.0,9.83,4.618,3.248,37.332,0.24,0.01,0.0,0.001,8.429,,,,,
13417,De'Zhaun Stribling,WR,SF,8,,155.2,128.0,7.53,138.7,8.16,82.1,10.1,10.7,130.7,7.69,0.25,Low,rookie,"Rookie model: pick 33, age and destination-team environment; team pass volume #16, rush volume #9",16,9,0.551,,,0.0,,0.0,,,,,,,,,,,,,,,,,
8676,Rashid Shaheed,WR,SEA,11,,158.2,138.0,8.12,157.0,9.23,107.6,11.7,19.0,150.3,8.84,0.65,High,veteran,"Veteran model: 2025 form, prior-year trend and same team pass/run forecast; team pass volume #23, rush volume #21",23,21,0.557,,,82.0,,7.2,8.0,2025.0,18.0,8.7,4.826,3.286,41.356,0.24,0.422,2.171,0.013,9.154,,,,,
5849,Kyler Murray,QB,MIN,6,,159.1,275.0,16.18,251.7,14.81,153.1,10.3,-23.3,269.2,15.83,0.25,Low,veteran,"Veteran model: 2025 form, prior-year trend and new team pass/run forecast; team pass volume #26, rush volume #27",26,27,0.575,477.0,479.0,,,82.3,85.0,2025.0,5.0,15.56,,,,,4.841,25.176,0.22,15.132,28.057,17.879,195.047,1.194,0.643
4035,Alvin Kamara,RB,NO,8,Ques,160.2,63.0,3.71,154.0,9.06,85.1,9.4,91.0,108.5,6.38,0.5,Medium,veteran,"Veteran model: 2025 form, prior-year trend and same team pass/run forecast; team pass volume #8, rush volume #22",8,22,0.58,,,47.1,,153.3,45.0,2025.0,11.0,9.15,2.77,2.129,15.838,0.067,9.015,35.871,0.239,9.134,,,,,
11655,Tyrone Tracy,RB,NYG,8,,160.9,111.0,6.53,171.5,10.09,127.0,12.6,60.5,150.4,8.84,0.65,High,veteran,"Veteran model: 2025 form, prior-year trend and same team pass/run forecast; team pass volume #19, rush volume #10",19,10,0.558,,,48.2,,162.5,124.0,2025.0,15.0,10.72,2.838,2.221,16.491,0.077,9.558,41.195,0.276,10.108,,,,,
13346,Denzel Boston,WR,CLE,11,,163.2,135.0,7.94,146.6,8.62,110.7,12.8,11.6,137.9,8.11,0.25,Low,rookie,"Rookie model: pick 39, age and destination-team environment; team pass volume #4, rush volume #26",4,26,0.596,,,0.0,,0.0,2.0,,,,,,,,,,,,,,,,
5844,T.J. Hockenson,TE,MIN,6,,164.9,155.0,9.12,135.2,7.95,103.4,13.0,-19.8,142.2,8.36,0.65,High,veteran,"Veteran model: 2025 form, prior-year trend and same team pass/run forecast; team pass volume #26, rush volume #27",26,27,0.575,,,79.8,,0.2,,2025.0,15.0,7.52,4.695,3.275,34.372,0.231,0.013,0.03,0.002,8.117,,,,,
12474,Woody Marks,RB,HOU,8,,166.4,84.0,4.94,163.3,9.61,113.2,11.8,79.3,123.7,7.27,0.5,Medium,veteran,"Veteran model: 2025 form, prior-year trend and same team pass/run forecast; team pass volume #9, rush volume #17",9,17,0.573,,,43.0,,170.5,86.0,2025.0,16.0,9.07,2.529,1.925,15.072,0.069,10.03,40.754,0.29,9.666,,,,,
9508,Tyjae Spears,RB,TEN,9,,167.0,115.0,6.76,150.5,8.85,97.9,11.1,35.5,138.1,8.12,0.65,High,veteran,"Veteran model: 2025 form, prior-year trend and same team pass/run forecast; team pass volume #18, rush volume #30",18,30,0.589,,,53.2,,116.5,92.0,2025.0,13.0,8.59,3.127,2.41,18.055,0.075,6.855,29.285,0.171,8.621,,,,,
13345,Jonah Coleman,RB,DEN,10,,167.3,64.0,3.76,140.6,8.27,82.7,10.0,76.6,83.1,4.89,0.25,Low,rookie,"Rookie model: pick 108, age and destination-team environment; team pass volume #6, rush volume #19",6,19,0.57,,,0.0,,0.0,72.0,,,,,,,,,,,,,,,,
12545,Tyler Shough,QB,NO,8,,169.4,271.0,15.94,233.5,13.74,148.0,10.8,-37.5,252.3,14.84,0.5,Medium,veteran,"Veteran model: 2025 form, prior-year trend and same team pass/run forecast; team pass volume #8, rush volume #22",8,22,0.58,476.7,539.0,,,64.3,84.0,2025.0,11.0,14.36,,,,,3.785,17.32,0.216,14.12,28.044,17.561,196.828,1.148,0.684
8210,Chig Okonkwo,TE,WAS,7,,171.9,144.0,8.47,118.5,6.97,107.7,15.5,-25.5,127.4,7.49,0.65,High,veteran,"Veteran model: 2025 form, prior-year trend and new team pass/run forecast; team pass volume #29, rush volume #8",29,8,0.542,,,67.4,,0.5,,2025.0,17.0,7.29,3.963,2.818,29.868,0.21,0.027,0.08,0.002,7.085,,,,,
13276,Omar Cooper,WR,NYJ,13,,173.3,127.0,7.47,152.4,8.96,121.7,13.6,25.4,133.3,7.84,0.25,Low,rookie,"Rookie model: pick 30, age and destination-team environment; team pass volume #20, rush volume #28",20,28,0.583,,,0.0,,0.0,3.0,,,,,,,,,,,,,,,,
13293,Ja'Kobi Lane,WR,BAL,13,,174.3,105.0,6.18,101.6,5.97,62.5,10.5,-3.4,104.1,6.13,0.25,Low,rookie,"Rookie model: pick 80, age and destination-team environment; team pass volume #32, rush volume #1",32,1,0.497,,,0.0,,0.0,1.0,,,,,,,,,,,,,,,,
9502,Tank Dell,WR,HOU,8,Ques,176.1,116.0,6.82,191.8,11.28,130.1,11.5,75.8,153.9,9.05,0.5,Medium,veteran,"Veteran model: 2024 form, prior-year trend and same team pass/run forecast; team pass volume #9, rush volume #17",9,17,0.573,,,101.0,,8.4,5.0,2024.0,14.0,10.0,5.939,3.908,50.554,0.309,0.497,2.543,0.016,11.171,,,,,
4943,Sam Darnold,QB,SEA,11,,177.5,263.0,15.47,263.8,15.52,199.9,12.9,0.8,263.5,15.5,0.65,High,veteran,"Veteran model: 2025 form, prior-year trend and same team pass/run forecast; team pass volume #23, rush volume #21",23,21,0.557,541.9,478.0,,,40.0,44.0,2025.0,17.0,13.85,,,,,2.353,8.755,0.104,15.651,31.875,20.978,238.053,1.501,0.688
13269,Fernando Mendoza,QB,LV,13,,178.3,212.0,12.47,266.6,15.68,205.5,13.1,54.6,225.6,13.27,0.25,Low,rookie,"Rookie model: pick 1, age and destination-team environment; team pass volume #15, rush volume #32",15,32,0.606,0.0,434.0,,,0.0,53.0,,,,,,,,,,,,,,,,
9511,Keaton Mitchell,RB,LAC,7,,180.4,97.0,5.71,70.1,4.12,44.5,10.8,-26.9,79.5,4.68,0.65,High,veteran,"Veteran model: 2025 form, prior-year trend and new team pass/run forecast; team pass volume #14, rush volume #16",14,16,0.569,,,17.9,,73.0,88.0,2025.0,13.0,4.26,1.054,0.771,5.335,0.022,4.297,18.87,0.13,4.104,,,,,
9225,Tank Bigsby,RB,PHI,10,,181.2,65.0,3.82,102.7,6.04,70.3,11.6,37.7,89.5,5.27,0.65,High,veteran,"Veteran model: 2025 form, prior-year trend and same team pass/run forecast; team pass volume #31, rush volume #2",31,2,0.515,,,18.7,,112.6,82.0,2025.0,15.0,3.59,1.098,0.862,6.259,0.029,6.623,30.913,0.224,6.094,,,,,
8180,Jalen Nailor,WR,LV,13,,183.9,131.0,7.71,103.4,6.08,77.2,12.7,-27.6,113.1,6.65,0.65,High,veteran,"Veteran model: 2025 form, prior-year trend and new team pass/run forecast; team pass volume #15, rush volume #32",15,32,0.606,,,61.8,,2.3,3.0,2025.0,17.0,5.92,3.633,2.162,28.015,0.154,0.134,0.788,0.004,5.991,,,,,
11603,AJ Barner,TE,SEA,11,,185.4,142.0,8.35,122.3,7.19,95.1,13.2,-19.7,129.2,7.6,0.65,High,veteran,"Veteran model: 2025 form, prior-year trend and same team pass/run forecast; team pass volume #23, rush volume #21",23,21,0.557,,,70.5,,4.9,10.0,2025.0,17.0,8.66,4.145,2.994,33.42,0.234,0.289,0.954,0.009,7.893,,,,,
8205,Isiah Pacheco,RB,DET,6,Ques,186.6,54.0,3.18,104.2,6.13,67.8,11.1,50.2,86.6,5.09,0.65,High,veteran,"Veteran model: 2025 form, prior-year trend and new team pass/run forecast; team pass volume #10, rush volume #7",10,7,0.562,,,24.7,,112.3,67.0,2025.0,13.0,6.72,1.451,1.13,7.925,0.047,6.606,29.277,0.226,6.493,,,,,
7002,Juwan Johnson,TE,NO,8,,187.1,141.0,8.29,159.7,9.39,114.4,12.2,18.7,153.2,9.01,0.65,High,veteran,"Veteran model: 2025 form, prior-year trend and same team pass/run forecast; team pass volume #8, rush volume #22",8,22,0.58,,,84.0,,0.3,,2025.0,17.0,10.58,4.943,3.417,40.054,0.255,0.017,0.061,0.002,8.97,,,,,
13320,Zachariah Branch,WR,ATL,11,,188.2,79.0,4.65,112.8,6.64,62.3,9.4,33.8,87.5,5.14,0.25,Low,rookie,"Rookie model: pick 79, age and destination-team environment; team pass volume #17, rush volume #5",17,5,0.545,,,0.0,,0.0,,,,,,,,,,,,,,,,,
12469,Dylan Sampson,RB,CLE,11,,188.7,89.0,5.24,135.6,7.98,87.2,10.9,46.6,112.3,6.61,0.5,Medium,veteran,"Veteran model: 2025 form, prior-year trend and same team pass/run forecast; team pass volume #4, rush volume #26",4,26,0.596,,,46.6,,105.5,78.0,2025.0,15.0,5.84,2.743,2.085,15.52,0.066,6.205,26.945,0.163,7.703,,,,,
6783,Jerry Jeudy,WR,CLE,11,,190.1,120.0,7.06,160.0,9.41,106.0,11.3,40.0,146.0,8.59,0.65,High,veteran,"Veteran model: 2025 form, prior-year trend and same team pass/run forecast; team pass volume #4, rush volume #26",4,26,0.596,,,98.2,,1.5,1.0,2025.0,17.0,7.1,5.778,3.458,42.909,0.263,0.088,0.576,0.005,9.416,,,,,
13288,Nicholas Singleton,RB,TEN,9,,191.2,64.0,3.76,98.8,5.81,52.6,9.0,34.8,72.7,4.28,0.25,Low,rookie,"Rookie model: pick 165, age and destination-team environment; team pass volume #18, rush volume #30",18,30,0.589,,,0.0,,0.0,65.0,,,,,,,,,,,,,,,,
8161,Malik Willis,QB,MIA,6,,192.5,270.0,15.88,216.9,12.76,117.3,9.2,-53.1,256.7,15.1,0.25,Low,veteran,"Veteran model: 2025 form, prior-year trend and new team pass/run forecast; team pass volume #25, rush volume #24",25,24,0.561,353.9,419.0,,,88.6,125.0,2025.0,4.0,12.79,,,,,5.21,25.098,0.322,13.401,20.818,13.545,158.363,0.935,0.557
5001,Dalton Schultz,TE,HOU,8,,193.2,139.0,8.18,148.2,8.72,111.1,12.7,9.2,145.0,8.53,0.65,High,veteran,"Veteran model: 2025 form, prior-year trend and same team pass/run forecast; team pass volume #9, rush volume #17",9,17,0.573,,,88.6,,0.0,,2025.0,17.0,10.45,5.214,3.624,37.666,0.263,0.0,0.0,0.001,8.974,,,,,
7049,Jauan Jennings,WR,MIN,6,,194.1,106.0,6.24,152.7,8.98,113.3,12.6,46.7,136.4,8.02,0.65,High,veteran,"Veteran model: 2025 form, prior-year trend and new team pass/run forecast; team pass volume #26, rush volume #27",26,27,0.575,,,89.9,,0.2,,2025.0,15.0,11.55,5.287,3.267,39.724,0.275,0.012,0.087,0.003,8.911,,,,,
13337,Emmett Johnson,RB,KC,5,,195.6,65.0,3.82,97.2,5.72,52.5,9.2,32.2,73.1,4.3,0.25,Low,rookie,"Rookie model: pick 161, age and destination-team environment; team pass volume #5, rush volume #25",5,25,0.589,,,0.0,,0.0,67.0,,,,,,,,,,,,,,,,
11618,Jalen McMillan,WR,TB,10,Ques,195.8,127.0,7.47,134.5,7.91,71.6,9.1,7.5,128.9,7.58,0.25,Low,veteran,"Veteran model: 2025 form, prior-year trend and same team pass/run forecast; team pass volume #12, rush volume #11",12,11,0.562,,,69.5,,4.1,6.0,2025.0,4.0,7.47,4.088,2.812,35.988,0.207,0.24,1.343,0.01,7.848,,,,,
13413,Cyrus Allen,WR,KC,5,,198.2,95.0,5.59,60.6,3.57,24.0,6.7,-34.4,86.4,5.08,0.25,Low,rookie,"Rookie model: pick 176, age and destination-team environment; team pass volume #5, rush volume #25",5,25,0.589,,,0.0,,0.0,,,,,,,,,,,,,,,,,
11610,Malik Washington,WR,MIA,6,,199.4,131.0,7.71,108.4,6.38,78.6,12.3,-22.6,116.3,6.84,0.65,High,veteran,"Veteran model: 2025 form, prior-year trend and same team pass/run forecast; team pass volume #25, rush volume #24",25,24,0.561,,,60.0,,10.5,22.0,2025.0,17.0,6.86,3.53,2.373,25.784,0.144,0.615,3.076,0.019,6.234,,,,,
11581,MarShawn Lloyd,RB,GB,11,,200.3,52.0,3.06,80.3,4.72,31.8,6.7,28.3,59.1,3.48,0.25,Low,veteran,"Veteran model: 2024 form, prior-year trend and same team pass/run forecast; team pass volume #30, rush volume #4",30,4,0.525,,,22.0,,86.8,68.0,2024.0,1.0,2.8,1.297,0.994,8.32,0.033,5.105,21.686,0.126,4.948,,,,,
13305,Mike Washington,RB,LV,13,,202.1,62.0,3.65,153.3,9.02,76.2,8.4,91.3,84.8,4.99,0.25,Low,rookie,"Rookie model: pick 122, age and destination-team environment; team pass volume #15, rush volume #32",15,32,0.606,,,0.0,,0.0,66.0,,,,,,,,,,,,,,,,
9758,C.J. Stroud,QB,HOU,8,,204.9,248.0,14.59,265.6,15.62,199.9,12.8,17.6,259.4,15.26,0.65,High,veteran,"Veteran model: 2025 form, prior-year trend and same team pass/run forecast; team pass volume #9, rush volume #17",9,17,0.573,521.9,505.0,,,58.1,53.0,2025.0,14.0,14.9,,,,,3.415,16.544,0.136,15.758,30.7,19.878,224.567,1.415,0.678
10213,Tre Tucker,WR,LV,13,,205.3,126.0,7.41,173.3,10.19,133.7,13.1,47.3,156.7,9.22,0.65,High,veteran,"Veteran model: 2025 form, prior-year trend and same team pass/run forecast; team pass volume #15, rush volume #32",15,32,0.606,,,97.7,,7.2,7.0,2025.0,17.0,9.51,5.749,3.651,45.652,0.267,0.426,2.121,0.013,10.105,,,,,
5870,Daniel Jones,QB,IND,13,,206.2,224.0,13.18,268.2,15.78,186.8,11.8,44.2,252.7,14.87,0.65,High,veteran,"Veteran model: 2025 form, prior-year trend and same team pass/run forecast; team pass volume #21, rush volume #13",21,13,0.554,479.4,469.0,,,69.7,47.0,2025.0,13.0,17.42,,,,,4.101,17.294,0.295,15.864,28.202,18.604,208.355,1.305,0.593
4033,David Njoku,TE,LAC,7,,207.5,58.0,3.41,115.2,6.78,76.3,11.3,57.2,86.6,5.09,0.5,Medium,veteran,"Veteran model: 2025 form, prior-year trend and new team pass/run forecast; team pass volume #14, rush volume #16",14,16,0.569,,,70.7,,0.0,,2025.0,11.0,7.85,4.157,2.79,27.076,0.222,0.0,0.0,0.0,6.827,,,,,
12522,Cam Ward,QB,TEN,9,,208.2,228.0,13.41,225.4,13.26,154.1,11.6,-2.6,226.7,13.33,0.5,Medium,veteran,"Veteran model: 2025 form, prior-year trend and same team pass/run forecast; team pass volume #18, rush volume #30",18,30,0.589,501.2,541.0,,,51.4,46.0,2025.0,17.0,10.98,,,,,3.026,13.593,0.157,13.439,29.484,18.365,200.815,1.122,0.692
12487,Terrance Ferguson,TE,LAR,11,,209.4,100.0,5.88,95.3,5.61,64.3,11.5,-4.7,97.7,5.74,0.5,Medium,veteran,"Veteran model: 2025 form, prior-year trend and same team pass/run forecast; team pass volume #7, rush volume #14",7,14,0.568,,,53.4,,1.1,,2025.0,11.0,4.74,3.139,2.148,24.83,0.18,0.067,0.424,0.008,5.8,,,,,
12509,Tre' Harris,WR,LAC,7,,209.8,113.0,6.65,113.1,6.65,77.7,11.7,0.1,113.0,6.65,0.5,Medium,veteran,"Veteran model: 2025 form, prior-year trend and same team pass/run forecast; team pass volume #14, rush volume #16",14,16,0.569,,,64.3,,2.9,1.0,2025.0,16.0,4.34,3.782,2.378,30.087,0.177,0.172,1.099,0.006,6.596,,,,,
11576,Braelon Allen,RB,NYJ,13,,211.0,52.0,3.06,85.4,5.02,39.9,7.9,33.4,60.3,3.55,0.25,Low,veteran,"Veteran model: 2025 form, prior-year trend and same team pass/run forecast; team pass volume #20, rush volume #28",20,28,0.583,,,21.5,,91.4,57.0,2025.0,4.0,3.83,1.262,0.952,6.994,0.019,5.377,22.891,0.122,4.785,,,,,
12476,Devin Neal,RB,NO,8,,211.9,32.0,1.88,122.3,7.2,69.7,9.7,90.3,77.2,4.54,0.5,Medium,veteran,"Veteran model: 2025 form, prior-year trend and same team pass/run forecast; team pass volume #8, rush volume #22",8,22,0.58,,,36.0,,114.4,39.0,2025.0,9.0,6.67,2.117,1.604,12.332,0.052,6.727,29.052,0.191,7.2,,,,,
7528,Najee Harris,RB,NYG,8,,212.3,26.0,1.53,95.3,5.61,48.0,8.6,69.3,43.3,2.55,0.25,Low,veteran,"Veteran model: 2025 form, prior-year trend and new team pass/run forecast; team pass volume #19, rush volume #10",19,10,0.558,,,24.1,,110.7,30.0,2025.0,3.0,3.87,1.416,1.078,7.758,0.022,6.514,26.934,0.147,5.561,,,,,
12535,Isaac TeSlaa,WR,DET,6,,212.4,87.0,5.12,98.3,5.78,65.8,11.4,11.3,92.7,5.45,0.5,Medium,veteran,"Veteran model: 2025 form, prior-year trend and same team pass/run forecast; team pass volume #10, rush volume #7",10,7,0.562,,,55.2,,1.3,2.0,2025.0,14.0,5.42,3.247,1.844,26.734,0.198,0.078,0.581,0.004,5.79,,,,,
12536,Jaylin Noel,WR,HOU,8,Ques,213.7,114.0,6.71,106.7,6.27,73.2,11.7,-7.3,110.3,6.49,0.5,Medium,veteran,"Veteran model: 2025 form, prior-year trend and same team pass/run forecast; team pass volume #9, rush volume #17",9,17,0.573,,,59.7,,3.9,10.0,2025.0,17.0,4.02,3.509,2.168,27.795,0.174,0.232,1.346,0.008,6.173,,,,,
8111,Cade Otton,TE,TB,10,Ques,215.2,122.0,7.18,142.2,8.36,104.7,12.5,20.2,135.1,7.95,0.65,High,veteran,"Veteran model: 2025 form, prior-year trend and same team pass/run forecast; team pass volume #12, rush volume #11",12,11,0.562,,,80.3,,0.2,,2025.0,15.0,8.15,4.721,3.319,34.993,0.229,0.014,0.01,0.002,8.207,,,,,
4137,James Conner,RB,ARI,14,Ques,216.3,57.0,3.35,144.6,8.51,61.0,7.2,87.6,78.9,4.64,0.25,Low,veteran,"Veteran model: 2025 form, prior-year trend and same team pass/run forecast; team pass volume #3, rush volume #29",3,29,0.602,,,40.4,,148.8,53.0,2025.0,3.0,11.1,2.374,1.849,13.901,0.07,8.753,35.031,0.225,8.507,,,,,
12504,Kaleb Johnson,RB,PIT,9,,217.5,32.0,1.88,89.4,5.26,46.3,8.8,57.4,60.7,3.57,0.5,Medium,veteran,"Veteran model: 2025 form, prior-year trend and same team pass/run forecast; team pass volume #24, rush volume #18",24,18,0.556,,,23.8,,94.3,42.0,2025.0,10.0,0.88,1.403,1.069,8.394,0.029,5.546,22.889,0.149,5.263,,,,,
13301,Antonio Williams,WR,WAS,7,,218.7,75.0,4.41,112.0,6.59,67.3,10.2,37.0,84.2,4.96,0.25,Low,rookie,"Rookie model: pick 71, age and destination-team environment; team pass volume #29, rush volume #8",29,8,0.542,,,0.0,,0.0,2.0,,,,,,,,,,,,,,,,
1479,Keenan Allen,WR,IND,13,,219.1,107.0,6.29,144.2,8.48,101.0,11.9,37.2,131.2,7.72,0.65,High,veteran,"Veteran model: 2025 form, prior-year trend and new team pass/run forecast; team pass volume #21, rush volume #13",21,13,0.554,,,90.0,,0.0,,2025.0,17.0,10.75,5.295,3.492,37.955,0.234,0.0,0.0,0.002,8.702,,,,,
9494,Marvin Mims,WR,DEN,10,Ques,219.5,70.0,4.12,112.4,6.61,80.4,12.2,42.4,97.6,5.74,0.65,High,veteran,"Veteran model: 2025 form, prior-year trend and same team pass/run forecast; team pass volume #6, rush volume #19",6,19,0.57,,,61.1,,10.4,6.0,2025.0,15.0,6.33,3.595,2.455,27.611,0.15,0.612,3.112,0.019,6.54,,,,,
12547,Kyle Williams,WR,NE,11,,222.1,31.0,1.82,94.2,5.54,63.0,11.4,63.2,62.6,3.68,0.5,Medium,veteran,"Veteran model: 2025 form, prior-year trend and same team pass/run forecast; team pass volume #27, rush volume #12",27,12,0.551,,,53.0,,2.2,1.0,2025.0,14.0,3.51,3.119,1.749,26.791,0.164,0.129,0.916,0.006,5.538,,,,,
13285,Malachi Fields,WR,NYG,8,,223.2,91.0,5.35,110.6,6.51,60.2,9.2,19.6,95.9,5.64,0.25,Low,rookie,"Rookie model: pick 74, age and destination-team environment; team pass volume #19, rush volume #10",19,10,0.558,,,0.0,,0.0,1.0,,,,,,,,,,,,,,,,
11565,J.J. McCarthy,QB,MIN,6,,224.2,20.0,1.18,202.1,11.89,112.9,9.5,182.1,111.1,6.53,0.5,Medium,veteran,"Veteran model: 2025 form, prior-year trend and same team pass/run forecast; team pass volume #26, rush volume #27",26,27,0.575,416.1,32.0,,,60.1,5.0,2025.0,10.0,12.54,,,,,3.534,15.776,0.229,12.068,24.474,15.036,167.858,0.935,0.667
12498,Mason Taylor,TE,NYJ,13,,224.3,96.0,5.65,112.5,6.62,87.0,13.1,16.5,104.2,6.13,0.5,Medium,veteran,"Veteran model: 2025 form, prior-year trend and same team pass/run forecast; team pass volume #20, rush volume #28",20,28,0.583,,,72.1,,0.0,,2025.0,13.0,6.84,4.241,2.886,29.397,0.189,0.0,0.0,0.0,6.962,,,,,
9757,Kendre Miller,RB,NO,8,,224.8,6.0,0.35,104.6,6.15,53.4,8.7,98.6,55.3,3.25,0.5,Medium,veteran,"Veteran model: 2025 form, prior-year trend and same team pass/run forecast; team pass volume #8, rush volume #22",8,22,0.58,,,25.3,,119.6,5.0,2025.0,7.0,4.76,1.489,1.117,8.051,0.029,7.037,28.9,0.185,6.09,,,,,
4039,Cooper Kupp,WR,SEA,11,,225.1,86.0,5.06,140.5,8.27,82.7,10.0,54.5,121.4,7.14,0.65,High,veteran,"Veteran model: 2025 form, prior-year trend and same team pass/run forecast; team pass volume #23, rush volume #21",23,21,0.557,,,79.0,,0.9,,2025.0,16.0,7.27,4.646,2.929,39.732,0.203,0.053,0.453,0.003,8.184,,,,,
12455,Brashard Smith,RB,KC,5,,226.3,20.0,1.18,107.5,6.32,71.7,11.3,87.5,63.7,3.75,0.5,Medium,veteran,"Veteran model: 2025 form, prior-year trend and same team pass/run forecast; team pass volume #5, rush volume #25",5,25,0.589,,,37.2,,82.6,16.0,2025.0,17.0,3.72,2.191,1.678,12.735,0.066,4.857,21.75,0.149,6.413,,,,,
96,Aaron Rodgers,QB,PIT,9,,227.9,177.0,10.41,246.1,14.48,154.6,10.7,69.1,221.9,13.05,0.65,High,veteran,"Veteran model: 2025 form, prior-year trend and same team pass/run forecast; team pass volume #24, rush volume #18",24,18,0.556,549.6,403.0,,,23.6,21.0,2025.0,16.0,14.19,,,,,1.39,3.474,0.063,14.622,32.327,21.091,232.581,1.477,0.659
11559,Michael Penix,QB,ATL,11,Ques,227.9,108.0,6.35,202.8,11.93,123.0,10.3,94.8,155.4,9.14,0.5,Medium,veteran,"Veteran model: 2025 form, prior-year trend and same team pass/run forecast; team pass volume #17, rush volume #5",17,5,0.545,444.9,221.0,,,45.1,20.0,2025.0,9.0,13.36,,,,,2.656,8.808,0.108,12.009,26.17,16.943,186.672,1.07,0.632
12492,Pat Bryant,WR,DEN,10,,228.3,96.0,5.65,119.8,7.05,77.3,11.0,23.8,107.9,6.35,0.5,Medium,veteran,"Veteran model: 2025 form, prior-year trend and same team pass/run forecast; team pass volume #6, rush volume #19",6,19,0.57,,,70.9,,1.8,2.0,2025.0,13.0,5.75,4.172,2.512,32.573,0.196,0.106,0.665,0.005,7.04,,,,,
12497,Tory Horton,WR,SEA,11,Ques,228.7,92.0,5.41,113.4,6.67,70.3,10.5,21.4,102.7,6.04,0.5,Medium,veteran,"Veteran model: 2025 form, prior-year trend and same team pass/run forecast; team pass volume #23, rush volume #21",23,21,0.557,,,65.5,,0.9,1.0,2025.0,8.0,8.14,3.854,2.338,30.675,0.206,0.053,0.434,0.004,6.705,,,,,
13268,Elijah Sarratt,WR,BAL,13,,229.2,61.0,3.59,79.8,4.69,42.2,9.0,18.8,65.7,3.86,0.25,Low,rookie,"Rookie model: pick 115, age and destination-team environment; team pass volume #32, rush volume #1",32,1,0.497,,,0.0,,0.0,1.0,,,,,,,,,,,,,,,,
12540,Chimere Dike,WR,TEN,9,,229.4,89.0,5.24,128.1,7.53,91.5,12.1,39.1,108.5,6.38,0.5,Medium,veteran,"Veteran model: 2025 form, prior-year trend and same team pass/run forecast; team pass volume #18, rush volume #30",18,30,0.589,,,77.1,,5.3,6.0,2025.0,17.0,7.54,4.536,2.808,33.052,0.19,0.313,1.66,0.01,7.48,,,,,
9228,Bryce Young,QB,CAR,5,,229.7,236.0,13.88,246.9,14.52,177.9,12.3,10.9,243.1,14.3,0.65,High,veteran,"Veteran model: 2025 form, prior-year trend and same team pass/run forecast; team pass volume #22, rush volume #23",22,23,0.564,508.1,493.0,,,57.1,51.0,2025.0,16.0,13.63,,,,,3.36,16.11,0.157,14.711,29.891,19.234,211.282,1.259,0.665
8172,Greg Dulcich,TE,MIA,6,,230.4,111.0,6.53,102.8,6.05,63.7,10.5,-8.2,106.9,6.29,0.5,Medium,veteran,"Veteran model: 2025 form, prior-year trend and same team pass/run forecast; team pass volume #25, rush volume #24",25,24,0.561,,,56.8,,0.0,,2025.0,9.0,6.98,3.344,2.402,26.399,0.176,0.0,0.027,0.001,6.104,,,,,
13274,Germie Bernard,WR,PIT,9,,230.8,99.0,5.82,135.2,7.95,85.7,10.8,36.2,108.1,6.36,0.25,Low,rookie,"Rookie model: pick 47, age and destination-team environment; team pass volume #24, rush volume #18",24,18,0.556,,,0.0,,0.0,2.0,,,,,,,,,,,,,,,,
11597,Theo Johnson,TE,NYG,8,,232.2,77.0,4.53,140.4,8.26,106.5,12.9,63.4,118.2,6.96,0.65,High,veteran,"Veteran model: 2025 form, prior-year trend and same team pass/run forecast; team pass volume #19, rush volume #10",19,10,0.558,,,73.1,,0.0,,2025.0,15.0,8.52,4.301,2.966,35.039,0.222,0.003,0.0,0.0,7.804,,,,,
12457,Jaydon Blue,RB,DAL,14,Ques,232.5,57.0,3.35,101.5,5.97,50.2,8.4,44.5,68.1,4.01,0.25,Low,veteran,"Veteran model: 2025 form, prior-year trend and same team pass/run forecast; team pass volume #2, rush volume #20",2,20,0.586,,,21.4,,119.5,68.0,2025.0,5.0,4.08,1.262,0.948,7.48,0.035,7.027,29.534,0.212,6.131,,,,,
7571,Rashod Bateman,WR,BAL,13,,232.7,102.0,6.0,104.3,6.14,63.0,10.3,2.3,103.5,6.09,0.65,High,veteran,"Veteran model: 2025 form, prior-year trend and same team pass/run forecast; team pass volume #32, rush volume #1",32,1,0.497,,,57.1,,0.9,,2025.0,13.0,4.26,3.361,2.119,28.27,0.186,0.053,0.435,0.005,6.137,,,,,
11575,Ray Davis,RB,BUF,7,,233.3,65.0,3.82,91.4,5.37,65.2,12.1,26.4,82.1,4.83,0.65,High,veteran,"Veteran model: 2025 form, prior-year trend and same team pass/run forecast; team pass volume #28, rush volume #3",28,3,0.52,,,23.3,,81.7,73.0,2025.0,17.0,3.77,1.369,1.104,8.565,0.053,4.803,23.66,0.166,5.637,,,,,
12502,Gunnar Helm,TE,TEN,9,,234.3,130.0,7.65,98.4,5.79,78.5,13.6,-31.6,114.2,6.72,0.5,Medium,veteran,"Veteran model: 2025 form, prior-year trend and same team pass/run forecast; team pass volume #18, rush volume #30",18,30,0.589,,,60.2,,0.0,,2025.0,16.0,5.73,3.541,2.426,24.159,0.164,0.0,0.0,0.0,5.825,,,,,
11637,Keon Coleman,WR,BUF,7,Ques,234.8,86.0,5.06,146.4,8.61,103.1,12.0,60.4,125.3,7.37,0.65,High,veteran,"Veteran model: 2025 form, prior-year trend and same team pass/run forecast; team pass volume #28, rush volume #3",28,3,0.52,,,80.6,,1.8,3.0,2025.0,12.0,8.53,4.739,3.07,39.653,0.258,0.104,0.652,0.007,8.687,,,,,
11783,Ryan Flournoy,WR,DAL,14,,235.5,121.0,7.12,111.3,6.55,73.9,11.3,-9.7,114.7,6.75,0.65,High,veteran,"Veteran model: 2025 form, prior-year trend and same team pass/run forecast; team pass volume #2, rush volume #20",2,20,0.586,,,61.7,,3.5,2.0,2025.0,15.0,7.6,3.629,2.34,29.051,0.181,0.207,1.13,0.006,6.482,,,,,
12524,Shedeur Sanders,QB,CLE,11,,236.1,97.0,5.71,183.2,10.78,77.9,7.2,86.2,140.1,8.24,0.5,Medium,veteran,"Veteran model: 2025 form, prior-year trend and same team pass/run forecast; team pass volume #4, rush volume #26",4,26,0.596,426.8,226.0,,,58.8,26.0,2025.0,8.0,10.61,,,,,3.459,17.31,0.176,11.115,25.103,15.005,163.255,0.796,0.694
6768,Tua Tagovailoa,QB,ATL,11,,236.5,138.0,8.12,203.1,11.95,137.2,11.5,65.1,180.3,10.61,0.65,High,veteran,"Veteran model: 2025 form, prior-year trend and new team pass/run forecast; team pass volume #17, rush volume #5",17,5,0.545,486.9,308.0,,,29.4,20.0,2025.0,14.0,11.48,,,,,1.729,4.26,0.062,12.158,28.642,18.489,203.246,1.156,0.699
11579,Audric Estime,RB,NO,8,Ques,237.4,23.0,1.35,147.5,8.67,85.1,9.8,124.5,54.1,3.18,0.25,Low,veteran,"Veteran model: 2025 form, prior-year trend and same team pass/run forecast; team pass volume #8, rush volume #22",8,22,0.58,,,40.0,,148.6,30.0,2025.0,5.0,9.62,2.355,1.815,13.84,0.063,8.743,36.301,0.222,8.538,,,,,
11625,Adonai Mitchell,WR,NYJ,13,,237.7,98.0,5.76,109.2,6.42,74.9,11.7,11.2,105.2,6.19,0.65,High,veteran,"Veteran model: 2025 form, prior-year trend and same team pass/run forecast; team pass volume #20, rush volume #28",20,28,0.583,,,68.0,,2.4,1.0,2025.0,16.0,5.49,4.001,2.166,29.771,0.177,0.141,0.794,0.005,6.319,,,,,
9504,Kayshon Boutte,WR,NE,11,,237.9,95.0,5.59,145.0,8.53,103.9,12.2,50.0,127.5,7.5,0.65,High,veteran,"Veteran model: 2025 form, prior-year trend and same team pass/run forecast; team pass volume #27, rush volume #12",27,12,0.551,,,77.9,,1.0,,2025.0,14.0,8.86,4.584,2.908,39.52,0.264,0.06,0.373,0.004,8.503,,,,,
12483,Jack Bech,WR,LV,13,,238.2,78.0,4.59,102.4,6.02,60.2,10.0,24.4,90.2,5.31,0.5,Medium,veteran,"Veteran model: 2025 form, prior-year trend and same team pass/run forecast; team pass volume #15, rush volume #32",15,32,0.606,,,62.4,,1.8,1.0,2025.0,14.0,3.03,3.669,2.149,27.828,0.151,0.105,0.632,0.003,5.92,,,,,
13317,Ted Hurst,WR,TB,10,,239.6,98.0,5.76,113.0,6.65,66.2,10.0,15.0,101.7,5.99,0.25,Low,rookie,"Rookie model: pick 84, age and destination-team environment; team pass volume #12, rush volume #11",12,11,0.562,,,0.0,,0.0,2.0,,,,,,,,,,,,,,,,
13349,Eli Stowers,TE,PHI,10,,239.6,81.0,4.76,111.2,6.54,78.1,11.9,30.2,88.5,5.21,0.25,Low,rookie,"Rookie model: pick 54, age and destination-team environment; team pass volume #31, rush volume #2",31,2,0.515,,,0.0,,0.0,2.0,,,,,,,,,,,,,,,,
11834,Devaughn Vele,WR,NO,8,,239.8,111.0,6.53,115.5,6.8,60.5,8.9,4.5,113.3,6.66,0.5,Medium,veteran,"Veteran model: 2025 form, prior-year trend and same team pass/run forecast; team pass volume #8, rush volume #22",8,22,0.58,,,66.3,,0.8,1.0,2025.0,9.0,7.37,3.897,2.477,30.859,0.188,0.047,0.28,0.003,6.737,,,,,
7600,Pat Freiermuth,TE,PIT,9,,239.9,128.0,7.53,126.8,7.46,96.4,12.9,-1.2,127.2,7.48,0.65,High,veteran,"Veteran model: 2025 form, prior-year trend and same team pass/run forecast; team pass volume #24, rush volume #18",24,18,0.556,,,69.8,,0.3,,2025.0,15.0,7.57,4.109,2.908,31.828,0.23,0.016,0.043,0.001,7.482,,,,,
13405,Kaytron Allen,RB,WAS,7,,240.6,46.0,2.71,78.4,4.61,40.9,8.9,32.4,54.1,3.18,0.25,Low,rookie,"Rookie model: pick 187, age and destination-team environment; team pass volume #29, rush volume #8",29,8,0.542,,,0.0,,0.0,53.0,,,,,,,,,,,,,,,,
11569,Jarquez Hunter,RB,LAR,11,,240.6,10.0,0.59,10.0,0.59,10.0,17.0,0.0,10.0,0.59,0.0,Low,unmodeled,"No reliable NFLverse player match; Sleeper only; team pass volume #7, rush volume #14",7,14,0.568,,,0.0,,0.0,15.0,,,,,,,,,,,,,,,,
13311,Chris Bell,WR,MIA,6,Ques,240.9,67.0,3.94,115.5,6.79,63.2,9.3,48.5,79.1,4.65,0.25,Low,rookie,"Rookie model: pick 94, age and destination-team environment; team pass volume #25, rush volume #24",25,24,0.561,,,0.0,,0.0,1.0,,,,,,,,,,,,,,,,
11647,Kimani Vidal,RB,LAC,7,,241.3,60.0,3.53,140.2,8.25,91.2,11.1,80.2,112.1,6.6,0.65,High,veteran,"Veteran model: 2025 form, prior-year trend and same team pass/run forecast; team pass volume #14, rush volume #16",14,16,0.569,,,32.3,,157.4,60.0,2025.0,13.0,9.07,1.9,1.46,10.736,0.051,9.259,38.143,0.267,8.256,,,,,
8698,Jake Tonges,TE,SF,8,,241.4,71.0,4.18,82.7,4.87,50.2,10.3,11.7,76.9,4.52,0.5,Medium,veteran,"Veteran model: 2025 form, prior-year trend and same team pass/run forecast; team pass volume #16, rush volume #9",16,9,0.551,,,51.2,,0.7,,2025.0,10.0,9.33,3.013,2.085,20.392,0.193,0.044,0.208,0.003,5.32,,,,,
12499,Elic Ayomanor,WR,TEN,9,,241.5,57.0,3.35,140.4,8.26,99.5,12.0,83.4,98.7,5.81,0.5,Medium,veteran,"Veteran model: 2025 form, prior-year trend and same team pass/run forecast; team pass volume #18, rush volume #30",18,30,0.589,,,87.7,,1.3,,2025.0,16.0,7.28,5.159,3.001,38.529,0.222,0.076,0.475,0.003,8.255,,,,,
4950,Christian Kirk,WR,SF,8,Ques,241.7,46.0,2.71,81.3,4.78,43.4,9.1,35.3,63.7,3.75,0.5,Medium,veteran,"Veteran model: 2025 form, prior-year trend and new team pass/run forecast; team pass volume #16, rush volume #9",16,9,0.551,,,51.9,,0.5,1.0,2025.0,11.0,5.26,3.054,1.785,21.604,0.136,0.029,0.216,0.003,4.798,,,,,
11627,Troy Franklin,WR,DEN,10,,241.8,66.0,3.88,158.3,9.31,127.2,13.7,92.3,126.0,7.41,0.65,High,veteran,"Veteran model: 2025 form, prior-year trend and same team pass/run forecast; team pass volume #6, rush volume #19",6,19,0.57,,,90.9,,3.9,2.0,2025.0,17.0,10.42,5.346,3.342,41.565,0.268,0.23,1.227,0.009,9.281,,,,,
13275,Ty Simpson,QB,LAR,11,,241.8,14.0,0.82,235.2,13.83,85.8,6.2,221.2,69.3,4.08,0.25,Low,rookie,"Rookie model: pick 13, age and destination-team environment; team pass volume #7, rush volume #14",7,14,0.568,0.0,32.0,,,0.0,5.0,,,,,,,,,,,,,,,,
13347,Demond Claiborne,RB,MIN,6,,242.0,25.0,1.47,82.0,4.82,37.5,7.8,57.0,39.2,2.31,0.25,Low,rookie,"Rookie model: pick 198, age and destination-team environment; team pass volume #26, rush volume #27",26,27,0.575,,,0.0,,0.0,29.0,,,,,,,,,,,,,,,,
